home_win,home_team_tricode,arena,attendance,sellout,gameTimeET,gameTimeUTC,duration
0,UTA,Delta Center,18206,1,2024-03-18T21:00:00Z,2024-03-19T01:00:00Z,2:03
1,DAL,American Airlines Center,20238,1,2023-10-27T20:30:00Z,2023-10-28T00:30:00Z,2:14
0,LAL,Crypto.com Arena,18997,1,2024-01-19T22:30:00Z,2024-01-20T03:30:00Z,2:11
1,IND,Gainbridge Fieldhouse,17009,0,2024-03-16T19:00:00Z,2024-03-16T23:00:00Z,2:14
1,DEN,Ball Arena,19715,1,2024-02-04T20:30:00Z,2024-02-05T01:30:00Z,2:01
1,SAC,Golden 1 Center,17794,1,2023-12-16T22:00:00Z,2023-12-17T03:00:00Z,2:06
0,WAS,Capital One Arena,20333,1,2024-04-03T19:00:00Z,2024-04-03T23:00:00Z,2:14
0,NOP,Smoothie King Center,17436,1,2024-03-26T20:00:00Z,2024-03-27T00:00:00Z,2:11
0,CHA,Spectrum Center,15546,0,2024-01-29T19:00:00Z,2024-01-30T00:00:00Z,2:04
0,GSW,Chase Center,18064,1,2023-11-18T20:30:00Z,2023-11-19T01:30:00Z,2:26
1,OKC,Paycom Center,15828,0,2024-01-11T20:00:00Z,2024-01-12T01:00:00Z,1:59
0,LAC,Crypto.com Arena,17220,0,2023-11-12T15:30:00Z,2023-11-12T20:30:00Z,2:26
0,PHI,Wells Fargo Center,20461,0,2024-01-05T19:30:00Z,2024-01-06T00:30:00Z,2:21
1,ATL,State Farm Arena,15841,0,2024-03-06T19:30:00Z,2024-03-07T00:30:00Z,2:03
0,CHI,United Center,19092,0,2023-11-15T20:00:00Z,2023-11-16T01:00:00Z,2:20
0,UTA,Delta Center,18206,1,2024-04-09T21:00:00Z,2024-04-10T01:00:00Z,1:58
1,MIL,Fiserv Forum,17431,1,2023-12-13T20:00:00Z,2023-12-14T01:00:00Z,2:49
1,MIL,Fiserv Forum,17690,1,2024-02-09T20:00:00Z,2024-02-10T01:00:00Z,2:08
1,BKN,Barclays Center,16687,0,2023-11-26T19:30:00Z,2023-11-27T00:30:00Z,2:04
1,LAC,Crypto.com Arena,19370,1,2024-01-21T15:30:00Z,2024-01-21T20:30:00Z,2:20
0,DET,Little Caesars Arena,19994,0,2024-03-22T19:00:00Z,2024-03-22T23:00:00Z,1:60
0,PHI,Wells Fargo Center,20278,1,2024-01-06T19:30:00Z,2024-01-07T00:30:00Z,2:13
1,PHI,Wells Fargo Center,19758,1,2023-11-12T18:00:00Z,2023-11-12T23:00:00Z,2:06
0,SAC,Golden 1 Center,18022,1,2024-03-10T18:00:00Z,2024-03-10T22:00:00Z,2:19
0,SAC,Golden 1 Center,17832,1,2024-03-04T22:00:00Z,2024-03-05T03:00:00Z,2:19
0,WAS,Capital One Arena,20333,1,2024-02-10T19:00:00Z,2024-02-11T00:00:00Z,2:13
1,SAC,Golden 1 Center,17794,1,2023-12-11T22:00:00Z,2023-12-12T03:00:00Z,2:11
1,GSW,Chase Center,18064,1,2024-04-07T20:30:00Z,2024-04-08T00:30:00Z,2:07
1,MIL,Fiserv Forum,17341,1,2024-03-21T20:00:00Z,2024-03-22T00:00:00Z,2:17
1,NOP,Smoothie King Center,16032,0,2024-01-23T20:00:00Z,2024-01-24T01:00:00Z,2:06
1,BOS,TD Garden,19156,1,2023-11-26T18:00:00Z,2023-11-26T23:00:00Z,2:08
1,LAC,Crypto.com Arena,19370,1,2024-01-16T22:00:00Z,2024-01-17T03:00:00Z,2:20
0,TOR,Scotiabank Arena,19800,1,2023-10-28T19:30:00Z,2023-10-28T23:30:00Z,2:10
1,MIN,Target Center,18024,1,2023-11-04T20:00:00Z,2023-11-05T00:00:00Z,2:10
1,ORL,Kia Center,18846,1,2024-03-19T19:00:00Z,2024-03-19T23:00:00Z,2:02
0,MIA,Kaseya Center,20040,1,2024-01-19T20:00:00Z,2024-01-20T01:00:00Z,2:34
1,CHA,Spectrum Center,16374,0,2024-04-05T19:00:00Z,2024-04-05T23:00:00Z,2:14
1,TOR,Scotiabank Arena,19288,0,2023-12-18T19:30:00Z,2023-12-19T00:30:00Z,2:05
0,DET,Little Caesars Arena,17982,0,2024-02-04T15:00:00Z,2024-02-04T20:00:00Z,2:08
1,TOR,Scotiabank Arena,19182,0,2023-11-19T16:00:00Z,2023-11-19T21:00:00Z,2:12
1,SAS,Frost Bank Center,17274,0,2024-01-26T21:30:00Z,2024-01-27T02:30:00Z,2:09
0,WAS,Capital One Arena,15159,0,2024-03-27T19:00:00Z,2024-03-27T23:00:00Z,2:23
1,PHX,Footprint Center,17071,1,2024-03-07T21:00:00Z,2024-03-08T02:00:00Z,2:14
1,PHX,Footprint Center,17071,1,2024-01-01T21:00:00Z,2024-01-02T02:00:00Z,2:12
1,DEN,Ball Arena,19729,1,2023-11-03T22:00:00Z,2023-11-04T02:00:00Z,2:18
0,ORL,Kia Center,19223,1,2024-01-09T19:00:00Z,2024-01-10T00:00:00Z,2:08
1,DAL,American Airlines Center,20052,1,2023-11-05T19:30:00Z,2023-11-06T00:30:00Z,2:22
1,MIL,Fiserv Forum,17607,1,2024-02-27T20:00:00Z,2024-02-28T01:00:00Z,2:01
1,MEM,FedExForum,16544,0,2024-02-15T20:30:00Z,2024-02-16T01:30:00Z,2:29
0,DAL,American Airlines Center,20274,1,2024-04-12T20:30:00Z,2024-04-13T00:30:00Z,1:54
1,CHI,United Center,20511,0,2023-12-02T20:00:00Z,2023-12-03T01:00:00Z,2:15
1,GSW,Chase Center,18064,1,2023-11-24T22:00:00Z,2023-11-25T03:00:00Z,2:24
1,NYK,Madison Square Garden,19812,1,2023-12-25T12:00:00Z,2023-12-25T17:00:00Z,2:24
1,DAL,American Airlines Center,20411,1,2024-03-13T20:30:00Z,2024-03-14T00:30:00Z,2:14
1,MIN,Target Center,18024,1,2023-12-06T19:30:00Z,2023-12-07T00:30:00Z,2:14
0,PHI,Wells Fargo Center,19831,1,2024-02-25T13:00:00Z,2024-02-25T18:00:00Z,2:14
1,LAC,Crypto.com Arena,14014,0,2023-10-31T22:30:00Z,2023-11-01T02:30:00Z,2:17
0,MEM,FedExForum,16598,0,2024-01-13T20:00:00Z,2024-01-14T01:00:00Z,2:03
0,OKC,Paycom Center,18203,1,2023-12-23T20:00:00Z,2023-12-24T01:00:00Z,2:08
0,WAS,Capital One Arena,15860,0,2024-02-07T19:00:00Z,2024-02-08T00:00:00Z,2:14
1,MIL,Fiserv Forum,17928,1,2023-12-21T20:00:00Z,2023-12-22T01:00:00Z,2:25
1,OKC,Paycom Center,16723,0,2024-01-31T20:00:00Z,2024-02-01T01:00:00Z,2:16
0,MIL,Fiserv Forum,17536,1,2024-04-07T19:00:00Z,2024-04-07T23:00:00Z,2:15
1,PHI,Wells Fargo Center,20733,1,2024-04-02T19:30:00Z,2024-04-02T23:30:00Z,2:24
0,DET,Little Caesars Arena,12862,0,2023-12-06T19:00:00Z,2023-12-07T00:00:00Z,1:59
0,LAC,Crypto.com Arena,19370,1,2024-03-12T22:00:00Z,2024-03-13T02:00:00Z,2:18
0,BKN,Barclays Center,18199,1,2023-12-27T19:30:00Z,2023-12-28T00:30:00Z,2:16
1,IND,Gainbridge Fieldhouse,17274,1,2023-11-24T20:00:00Z,2023-11-25T01:00:00Z,2:14
1,MIL,Fiserv Forum,17612,1,2024-01-14T19:00:00Z,2024-01-15T00:00:00Z,2:41
0,IND,Gainbridge Fieldhouse,15021,0,2023-10-30T19:00:00Z,2023-10-30T23:00:00Z,2:26
0,UTA,Delta Center,18206,1,2024-02-22T21:00:00Z,2024-02-23T02:00:00Z,2:14
0,POR,Moda Center,18690,0,2023-12-21T22:00:00Z,2023-12-22T03:00:00Z,2:23
0,SAS,Frost Bank Center,18718,1,2024-03-31T19:00:00Z,2024-03-31T23:00:00Z,2:11
0,MIN,Target Center,18024,1,2024-02-02T20:00:00Z,2024-02-03T01:00:00Z,2:16
1,BOS,TD Garden,19156,1,2023-11-10T19:30:00Z,2023-11-11T00:30:00Z,2:11
1,DET,Little Caesars Arena,18411,0,2023-12-30T18:00:00Z,2023-12-30T23:00:00Z,2:25
0,MEM,FedExForum,16667,0,2024-03-08T20:00:00Z,2024-03-09T01:00:00Z,2:11
1,LAL,Crypto.com Arena,18997,1,2024-02-29T22:30:00Z,2024-03-01T03:30:00Z,2:23
1,OKC,Paycom Center,16486,0,2023-11-06T20:00:00Z,2023-11-07T01:00:00Z,2:17
1,LAL,Crypto.com Arena,18997,1,2024-01-07T21:30:00Z,2024-01-08T02:30:00Z,2:17
1,SAS,Frost Bank Center,18516,1,2024-04-14T15:30:00Z,2024-04-14T19:30:00Z,1:55
0,DEN,Ball Arena,19617,1,2024-02-14T21:00:00Z,2024-02-15T02:00:00Z,2:15
0,UTA,Delta Center,18206,1,2024-02-12T21:00:00Z,2024-02-13T02:00:00Z,2:07
0,DET,Little Caesars Arena,14988,0,2023-12-11T19:00:00Z,2023-12-12T00:00:00Z,2:12
1,GSW,Chase Center,18064,1,2023-12-16T20:30:00Z,2023-12-17T01:30:00Z,2:14
1,MIN,Target Center,18024,1,2024-04-12T20:00:00Z,2024-04-13T00:00:00Z,2:23
1,CLE,Rocket Mortgage FieldHouse,19432,1,2024-01-17T19:30:00Z,2024-01-18T00:30:00Z,2:02
1,DET,Little Caesars Arena,20062,1,2023-10-28T19:00:00Z,2023-10-28T23:00:00Z,2:11
1,HOU,Toyota Center,16263,0,2023-11-01T20:00:00Z,2023-11-02T00:00:00Z,2:08
1,ATL,State Farm Arena,17173,1,2024-02-25T19:00:00Z,2024-02-26T00:00:00Z,2:06
0,POR,Moda Center,18762,0,2023-12-08T22:00:00Z,2023-12-09T03:00:00Z,2:16
1,NOP,Smoothie King Center,18865,1,2024-03-15T20:00:00Z,2024-03-16T00:00:00Z,2:09
1,POR,Moda Center,18861,0,2023-12-29T22:00:00Z,2023-12-30T03:00:00Z,2:14
0,BKN,Barclays Center,17931,1,2023-10-25T19:30:00Z,2023-10-25T23:30:00Z,2:18
1,LAC,Crypto.com Arena,19370,1,2024-02-10T15:30:00Z,2024-02-10T20:30:00Z,2:13
1,BOS,TD Garden,19156,1,2023-12-14T19:30:00Z,2023-12-15T00:30:00Z,2:07
1,CLE,Rocket Mortgage FieldHouse,19432,1,2024-04-10T19:00:00Z,2024-04-10T23:00:00Z,2:09
0,CLE,Rocket Mortgage FieldHouse,19432,1,2024-03-03T19:00:00Z,2024-03-04T00:00:00Z,2:07
0,ATL,State Farm Arena,17722,1,2023-11-11T19:30:00Z,2023-11-12T00:30:00Z,2:13
0,GSW,Chase Center,18064,1,2024-01-10T20:30:00Z,2024-01-11T01:30:00Z,2:20
1,CLE,Rocket Mortgage FieldHouse,19432,1,2023-11-17T19:30:00Z,2023-11-18T00:30:00Z,2:05
1,MEM,FedExForum,17794,1,2024-01-02T20:00:00Z,2024-01-03T01:00:00Z,2:20
1,DET,Little Caesars Arena,18003,0,2024-03-11T19:00:00Z,2024-03-11T23:00:00Z,2:07
1,GSW,Chase Center,18064,1,2024-03-06T22:00:00Z,2024-03-07T03:00:00Z,2:11
0,ATL,State Farm Arena,15596,0,2024-01-12T19:30:00Z,2024-01-13T00:30:00Z,2:05
1,HOU,Toyota Center,18055,1,2023-11-08T20:00:00Z,2023-11-09T01:00:00Z,2:12
1,ORL,Kia Center,19349,1,2024-01-07T18:00:00Z,2024-01-07T23:00:00Z,2:35
0,TOR,Scotiabank Arena,19800,1,2024-03-01T19:30:00Z,2024-03-02T00:30:00Z,2:10
0,ATL,State Farm Arena,17695,1,2024-03-10T18:00:00Z,2024-03-10T22:00:00Z,2:02
1,SAC,Golden 1 Center,17832,1,2024-01-03T22:00:00Z,2024-01-04T03:00:00Z,2:59
1,LAL,Crypto.com Arena,18430,0,2023-11-14T22:30:00Z,2023-11-15T03:30:00Z,2:15
0,MIA,Kaseya Center,19855,1,2024-02-04T18:00:00Z,2024-02-04T23:00:00Z,2:17
1,SAC,Golden 1 Center,17794,1,2023-12-18T22:00:00Z,2023-12-19T03:00:00Z,2:17
1,CHI,United Center,21599,1,2024-04-05T20:00:00Z,2024-04-06T00:00:00Z,2:16
0,NYK,Madison Square Garden,19812,1,2024-02-27T19:30:00Z,2024-02-28T00:30:00Z,2:08
1,ORL,Amway Center,18846,1,2023-11-04T19:00:00Z,2023-11-04T23:00:00Z,2:21
1,UTA,Delta Center,18206,1,2024-01-15T21:00:00Z,2024-01-16T02:00:00Z,2:16
0,MEM,FedExForum,17798,1,2023-10-25T20:00:00Z,2023-10-26T00:00:00Z,2:21
1,BOS,TD Garden,19156,1,2023-12-28T19:30:00Z,2023-12-29T00:30:00Z,2:31
0,MEM,FedExForum,17012,0,2024-03-16T20:00:00Z,2024-03-17T00:00:00Z,2:19
1,LAL,T-Mobile Arena,18017,1,2023-12-07T21:00:00Z,2023-12-08T02:00:00Z,2:12
0,DET,Little Caesars Arena,19922,0,2024-03-24T15:00:00Z,2024-03-24T19:00:00Z,2:09
1,IND,Gainbridge Fieldhouse,17274,1,2024-01-26T19:00:00Z,2024-01-27T00:00:00Z,2:17
0,BKN,Barclays Center,16072,0,2023-11-30T19:30:00Z,2023-12-01T00:30:00Z,2:01
0,MIL,Fiserv Forum,17520,1,2024-02-13T20:00:00Z,2024-02-14T01:00:00Z,2:06
1,UTA,Delta Center,18206,1,2023-12-02T21:30:00Z,2023-12-03T02:30:00Z,2:29
0,POR,Moda Center,17842,0,2023-12-14T22:00:00Z,2023-12-15T03:00:00Z,2:07
1,MIL,Fiserv Forum,17563,1,2024-04-10T20:00:00Z,2024-04-11T00:00:00Z,2:12
0,PHI,Wells Fargo Center,19777,1,2024-03-08T19:00:00Z,2024-03-09T00:00:00Z,2:14
1,HOU,Toyota Center,18055,1,2023-11-22T20:00:00Z,2023-11-23T01:00:00Z,2:18
0,MIA,Kaseya Center,19600,1,2024-01-29T19:30:00Z,2024-01-30T00:30:00Z,2:12
1,SAS,Frost Bank Center,18604,1,2024-03-29T20:00:00Z,2024-03-30T00:00:00Z,2:37
0,CHA,Spectrum Center,16556,0,2024-04-07T18:00:00Z,2024-04-07T22:00:00Z,2:13
0,DET,Little Caesars Arena,18122,0,2023-12-21T19:00:00Z,2023-12-22T00:00:00Z,2:08
1,UTA,Delta Center,18206,1,2024-02-06T21:00:00Z,2024-02-07T02:00:00Z,2:08
0,SAS,Frost Bank Center,18354,1,2024-01-13T20:30:00Z,2024-01-14T01:30:00Z,2:08
1,BOS,TD Garden,19156,1,2023-11-01T19:30:00Z,2023-11-01T23:30:00Z,2:03
1,BKN,Barclays Center,17894,1,2024-03-29T19:30:00Z,2024-03-29T23:30:00Z,2:13
0,BKN,Barclays Center,17732,1,2024-01-31T20:30:00Z,2024-02-01T01:30:00Z,2:22
1,ATL,State Farm Arena,17340,1,2023-11-22T19:30:00Z,2023-11-23T00:30:00Z,2:37
0,SAC,Golden 1 Center,17832,1,2024-02-07T22:00:00Z,2024-02-08T03:00:00Z,2:10
1,GSW,Chase Center,18064,1,2023-12-19T22:00:00Z,2023-12-20T03:00:00Z,2:24
0,PHI,Wells Fargo Center,20673,1,2024-02-03T18:00:00Z,2024-02-03T23:00:00Z,2:12
0,NOP,Smoothie King Center,17422,1,2024-04-05T20:00:00Z,2024-04-06T00:00:00Z,2:02
1,IND,Gainbridge Fieldhouse,16522,0,2024-04-01T19:00:00Z,2024-04-01T23:00:00Z,2:20
0,IND,Gainbridge Fieldhouse,17274,1,2024-03-13T19:30:00Z,2024-03-13T23:30:00Z,2:44
1,MIN,Target Center,18024,1,2023-11-30T20:00:00Z,2023-12-01T01:00:00Z,2:03
0,WAS,Capital One Arena,15446,0,2024-01-24T19:00:00Z,2024-01-25T00:00:00Z,2:20
1,MIN,Target Center,18024,1,2024-03-24T19:00:00Z,2024-03-24T23:00:00Z,2:19
1,CLE,Rocket Mortgage FieldHouse,19432,1,2024-04-12T19:30:00Z,2024-04-12T23:30:00Z,2:11
0,CHA,Spectrum Center,17829,0,2023-12-16T19:00:00Z,2023-12-17T00:00:00Z,2:01
1,HOU,Toyota Center,16790,0,2024-02-12T20:00:00Z,2024-02-13T01:00:00Z,2:26
1,MIA,Kaseya Center,19694,1,2024-01-08T19:30:00Z,2024-01-09T00:30:00Z,2:19
1,PHI,Wells Fargo Center,19953,1,2023-11-08T19:00:00Z,2023-11-09T00:00:00Z,2:11
0,WAS,Capital One Arena,15297,0,2024-01-08T19:00:00Z,2024-01-09T00:00:00Z,2:15
1,IND,Gainbridge Fieldhouse,14509,0,2023-11-08T19:00:00Z,2023-11-09T00:00:00Z,2:09
1,OKC,Paycom Center,17401,0,2023-11-30T20:00:00Z,2023-12-01T01:00:00Z,2:08
0,MIA,Kaseya Center,19600,1,2024-01-24T19:30:00Z,2024-01-25T00:30:00Z,2:13
1,MIL,Fiserv Forum,17912,1,2024-03-24T19:00:00Z,2024-03-24T23:00:00Z,2:08
1,NYK,Madison Square Garden,19812,1,2024-04-12T19:30:00Z,2024-04-12T23:30:00Z,2:15
1,MIL,Fiserv Forum,17666,1,2023-12-16T18:00:00Z,2023-12-16T23:00:00Z,2:13
0,TOR,Scotiabank Arena,19800,1,2024-02-12T19:30:00Z,2024-02-13T00:30:00Z,2:05
0,MIA,Kaseya Center,19921,1,2024-03-13T19:30:00Z,2024-03-13T23:30:00Z,2:06
1,CLE,Rocket Mortgage FieldHouse,19432,1,2024-03-29T19:30:00Z,2024-03-29T23:30:00Z,2:19
0,WAS,Capital One Arena,17201,0,2024-01-31T19:00:00Z,2024-02-01T00:00:00Z,2:06
1,ORL,Amway Center,18237,0,2023-11-22T19:00:00Z,2023-11-23T00:00:00Z,2:22
0,IND,Gainbridge Fieldhouse,17274,1,2024-02-08T19:00:00Z,2024-02-09T00:00:00Z,2:08
1,POR,Moda Center,18233,0,2023-12-19T22:00:00Z,2023-12-20T03:00:00Z,2:17
1,ATL,State Farm Arena,17600,1,2024-02-03T19:30:00Z,2024-02-04T00:30:00Z,2:31
0,MIL,Fiserv Forum,17750,1,2024-04-05T20:00:00Z,2024-04-06T00:00:00Z,2:21
0,DET,Little Caesars Arena,19999,0,2024-04-01T19:00:00Z,2024-04-01T23:00:00Z,2:09
1,UTA,Delta Center,18206,1,2024-01-13T21:30:00Z,2024-01-14T02:30:00Z,2:18
0,MIA,Kaseya Center,19600,1,2023-11-01T19:30:00Z,2023-11-01T23:30:00Z,2:14
0,IND,Gainbridge Fieldhouse,17091,0,2023-11-22T19:30:00Z,2023-11-23T00:30:00Z,2:19
1,BKN,Barclays Center,16054,0,2024-01-29T19:30:00Z,2024-01-30T00:30:00Z,2:10
0,DEN,Ball Arena,19844,1,2024-03-29T21:00:00Z,2024-03-30T01:00:00Z,2:15
1,BOS,TD Garden,19156,1,2024-04-07T18:00:00Z,2024-04-07T22:00:00Z,1:51
0,CLE,Rocket Mortgage FieldHouse,19432,1,2023-12-21T19:30:00Z,2023-12-22T00:30:00Z,1:55
1,PHX,Footprint Center,17071,1,2024-02-06T22:00:00Z,2024-02-07T03:00:00Z,2:35
1,SAC,Golden 1 Center,17968,1,2024-03-07T22:00:00Z,2024-03-08T03:00:00Z,2:16
0,POR,Moda Center,18629,0,2024-03-23T22:00:00Z,2024-03-24T02:00:00Z,2:22
0,TOR,Scotiabank Arena,19800,1,2024-01-26T19:30:00Z,2024-01-27T00:30:00Z,2:11
1,MIA,Kaseya Center,19604,1,2023-11-30T19:30:00Z,2023-12-01T00:30:00Z,2:33
0,ORL,Kia Center,19301,1,2024-02-13T19:30:00Z,2024-02-14T00:30:00Z,2:18
1,PHX,Footprint Center,17071,1,2023-12-02T21:00:00Z,2023-12-03T02:00:00Z,2:27
1,DEN,Ball Arena,19636,1,2023-12-14T21:00:00Z,2023-12-15T02:00:00Z,2:13
1,OKC,Paycom Center,17229,0,2024-04-10T20:00:00Z,2024-04-11T00:00:00Z,1:56
1,BOS,TD Garden,19156,1,2024-02-27T19:30:00Z,2024-02-28T00:30:00Z,2:17
0,NOP,Smoothie King Center,17237,1,2023-11-04T19:00:00Z,2023-11-04T23:00:00Z,2:06
1,LAL,Crypto.com Arena,18997,1,2024-01-15T22:30:00Z,2024-01-16T03:30:00Z,2:05
0,CHI,United Center,21369,1,2023-10-25T20:00:00Z,2023-10-26T00:00:00Z,2:05
0,DAL,American Airlines Center,20377,1,2023-12-27T20:30:00Z,2023-12-28T01:30:00Z,2:16
0,LAL,Crypto.com Arena,18997,1,2024-03-16T20:30:00Z,2024-03-17T00:30:00Z,2:25
1,MIN,Target Center,18024,1,2024-02-04T19:00:00Z,2024-02-05T00:00:00Z,2:16
0,LAL,Crypto.com Arena,18997,1,2023-12-18T22:30:00Z,2023-12-19T03:30:00Z,2:16
1,BOS,TD Garden,19156,1,2024-04-05T19:30:00Z,2024-04-05T23:30:00Z,2:03
1,PHI,Wells Fargo Center,19766,1,2024-01-12T19:30:00Z,2024-01-13T00:30:00Z,2:16
0,CHI,United Center,18220,0,2023-11-08T20:00:00Z,2023-11-09T01:00:00Z,2:35
0,BKN,Barclays Center,17732,1,2024-01-07T15:00:00Z,2024-01-07T20:00:00Z,2:40
0,MEM,FedExForum,15493,0,2024-03-01T20:00:00Z,2024-03-02T01:00:00Z,2:08
0,LAC,Crypto.com Arena,19370,1,2024-03-10T15:00:00Z,2024-03-10T19:00:00Z,2:19
0,SAS,Frost Bank Center,19082,1,2024-01-04T19:30:00Z,2024-01-05T00:30:00Z,2:17
0,CHA,Spectrum Center,19258,1,2023-11-17T19:00:00Z,2023-11-18T00:00:00Z,2:10
1,SAS,Frost Bank Center,18027,0,2024-03-03T19:00:00Z,2024-03-04T00:00:00Z,2:15
1,BOS,TD Garden,19156,1,2023-11-11T19:00:00Z,2023-11-12T00:00:00Z,2:04
1,UTA,Delta Center,18206,1,2024-01-10T22:00:00Z,2024-01-11T03:00:00Z,2:23
0,TOR,Scotiabank Arena,19800,1,2023-11-17T19:30:00Z,2023-11-18T00:30:00Z,2:03
1,NOP,Smoothie King Center,16253,0,2024-01-02T20:00:00Z,2024-01-03T01:00:00Z,1:56
1,LAL,Crypto.com Arena,18997,1,2024-03-10T21:30:00Z,2024-03-11T01:30:00Z,2:15
0,UTA,Delta Center,18206,1,2024-03-06T21:00:00Z,2024-03-07T02:00:00Z,2:14
1,DAL,American Airlines Center,20277,0,2024-02-10T15:00:00Z,2024-02-10T20:00:00Z,2:14
1,UTA,Delta Center,18206,1,2023-12-13T21:00:00Z,2023-12-14T02:00:00Z,2:29
0,ATL,State Farm Arena,16158,0,2024-04-10T19:30:00Z,2024-04-10T23:30:00Z,2:09
1,NYK,Madison Square Garden,19439,0,2024-01-17T19:30:00Z,2024-01-18T00:30:00Z,2:16
1,WAS,Capital One Arena,16191,0,2023-10-28T19:00:00Z,2023-10-28T23:00:00Z,2:17
1,MIN,Target Center,18024,1,2023-11-01T20:00:00Z,2023-11-02T00:00:00Z,2:11
0,WAS,Capital One Arena,17895,0,2024-02-25T18:00:00Z,2024-02-25T23:00:00Z,2:14
1,BOS,TD Garden,19156,1,2023-12-08T19:30:00Z,2023-12-09T00:30:00Z,2:16
0,SAS,Moody Center,16223,1,2024-03-15T20:30:00Z,2024-03-16T00:30:00Z,2:07
1,PHX,Footprint Center,17071,1,2023-12-29T21:00:00Z,2023-12-30T02:00:00Z,2:10
1,ORL,Amway Center,18846,1,2023-10-25T19:00:00Z,2023-10-25T23:00:00Z,2:14
1,OKC,Paycom Center,18203,1,2024-04-14T15:30:00Z,2024-04-14T19:30:00Z,1:56
1,PHX,Footprint Center,17071,1,2024-02-14T21:00:00Z,2024-02-15T02:00:00Z,2:16
1,DAL,American Airlines Center,19921,1,2024-02-12T20:30:00Z,2024-02-13T01:30:00Z,2:16
0,CHA,Spectrum Center,15543,0,2023-12-11T19:00:00Z,2023-12-12T00:00:00Z,2:23
1,MIN,Target Center,18024,1,2023-12-16T20:00:00Z,2023-12-17T01:00:00Z,2:11
1,OKC,Paycom Center,18203,0,2024-04-12T20:00:00Z,2024-04-13T00:00:00Z,2:03
1,HOU,Toyota Center,16236,0,2023-11-10T20:00:00Z,2023-11-11T01:00:00Z,2:28
1,IND,Gainbridge Fieldhouse,17274,1,2023-12-30T19:00:00Z,2023-12-31T00:00:00Z,0:00
1,NYK,Madison Square Garden,19812,1,2024-03-08T19:30:00Z,2024-03-09T00:30:00Z,2:03
0,DET,Little Caesars Arena,19299,0,2024-03-01T19:00:00Z,2024-03-02T00:00:00Z,2:12
1,MIN,Target Center,18024,1,2023-11-06T20:00:00Z,2023-11-07T01:00:00Z,0:00
0,GSW,Chase Center,18064,1,2024-01-07T20:30:00Z,2024-01-08T01:30:00Z,2:00
1,MIN,Target Center,18024,1,2023-12-21T21:00:00Z,2023-12-22T02:00:00Z,2:17
0,MIN,Target Center,18024,1,2024-03-31T19:00:00Z,2024-03-31T23:00:00Z,2:05
1,OKC,Paycom Center,17552,0,2024-02-02T20:00:00Z,2024-02-03T01:00:00Z,2:04
0,TOR,Scotiabank Arena,19084,0,2023-12-06T19:30:00Z,2023-12-07T00:30:00Z,2:11
1,SAC,Golden 1 Center,17832,1,2024-03-12T22:00:00Z,2024-03-13T02:00:00Z,2:17
0,WAS,Capital One Arena,15437,0,2023-12-27T19:00:00Z,2023-12-28T00:00:00Z,2:06
1,TOR,Scotiabank Arena,19800,1,2023-11-24T19:30:00Z,2023-11-25T00:30:00Z,2:12
1,MIN,Target Center,18024,1,2024-01-14T19:00:00Z,2024-01-15T00:00:00Z,2:25
0,WAS,Capital One Arena,17898,0,2023-10-30T19:00:00Z,2023-10-30T23:00:00Z,2:07
1,DEN,Ball Arena,19621,1,2024-02-22T21:00:00Z,2024-02-23T02:00:00Z,2:03
0,CHI,United Center,19583,0,2023-12-23T20:00:00Z,2023-12-24T01:00:00Z,2:07
1,BOS,TD Garden,19156,1,2024-02-07T19:30:00Z,2024-02-08T00:30:00Z,1:58
1,OKC,Paycom Center,18203,1,2023-12-21T20:00:00Z,2023-12-22T01:00:00Z,2:08
1,POR,Moda Center,19335,1,2024-01-31T22:00:00Z,2024-02-01T03:00:00Z,2:24
0,PHX,Footprint Center,17071,1,2024-04-07T18:00:00Z,2024-04-07T22:00:00Z,2:12
0,NOP,Smoothie King Center,17753,1,2024-04-01T20:00:00Z,2024-04-02T00:00:00Z,2:14
0,MIN,Target Center,18024,1,2023-11-24T20:00:00Z,2023-11-25T01:00:00Z,2:11
0,SAC,Golden 1 Center,17983,1,2023-12-23T22:00:00Z,2023-12-24T03:00:00Z,2:05
1,POR,Moda Center,18064,0,2024-03-13T22:00:00Z,2024-03-14T02:00:00Z,2:11
1,CHI,United Center,17689,0,2023-12-06T20:00:00Z,2023-12-07T01:00:00Z,2:16
0,NYK,Madison Square Garden,19812,1,2024-02-24T20:30:00Z,2024-02-25T01:30:00Z,2:07
0,DET,Little Caesars Arena,16912,0,2023-11-01T19:00:00Z,2023-11-01T23:00:00Z,2:09
1,MIL,Fiserv Forum,18009,1,2024-01-13T20:00:00Z,2024-01-14T01:00:00Z,2:09
0,POR,Moda Center,18606,0,2024-02-15T22:00:00Z,2024-02-16T03:00:00Z,2:11
1,SAS,Frost Bank Center,18665,1,2024-04-12T20:00:00Z,2024-04-13T00:00:00Z,2:08
0,MIA,Kaseya Center,19650,1,2023-12-02T20:00:00Z,2023-12-03T01:00:00Z,2:17
1,DAL,American Airlines Center,20221,1,2024-03-07T19:30:00Z,2024-03-08T00:30:00Z,2:23
1,UTA,Delta Center,18206,1,2024-01-01T21:00:00Z,2024-01-02T02:00:00Z,2:05
1,POR,Moda Center,18592,0,2023-11-03T22:00:00Z,2023-11-04T02:00:00Z,2:41
0,DET,Little Caesars Arena,13992,0,2024-01-09T19:00:00Z,2024-01-10T00:00:00Z,2:12
1,CLE,Rocket Mortgage FieldHouse,19432,1,2023-11-05T18:00:00Z,2023-11-05T23:00:00Z,2:17
1,OKC,Paycom Center,17164,0,2024-02-27T22:00:00Z,2024-02-28T03:00:00Z,2:17
1,LAC,Crypto.com Arena,19370,1,2024-04-04T22:00:00Z,2024-04-05T02:00:00Z,2:33
1,OKC,Paycom Center,16409,0,2023-12-18T20:00:00Z,2023-12-19T01:00:00Z,2:07
0,WAS,Capital One Arena,16984,0,2024-02-04T15:30:00Z,2024-02-04T20:30:00Z,2:10
1,CLE,Rocket Mortgage FieldHouse,19432,1,2023-11-19T18:00:00Z,2023-11-19T23:00:00Z,2:05
0,NOP,Smoothie King Center,18624,1,2024-01-26T20:00:00Z,2024-01-27T01:00:00Z,2:01
1,ATL,State Farm Arena,16059,0,2024-03-27T19:30:00Z,2024-03-27T23:30:00Z,2:07
0,DET,Little Caesars Arena,16022,0,2024-01-17T19:00:00Z,2024-01-18T00:00:00Z,2:07
1,MIN,Target Center,18024,1,2023-10-28T20:00:00Z,2023-10-29T00:00:00Z,2:07
1,DEN,Ball Arena,19610,1,2023-11-04T21:00:00Z,2023-11-05T01:00:00Z,2:09
1,LAL,Crypto.com Arena,18997,1,2024-03-18T22:30:00Z,2024-03-19T02:30:00Z,1:56
0,BOS,TD Garden,19156,1,2024-01-19T19:30:00Z,2024-01-20T00:30:00Z,2:13
1,ORL,Kia Center,19459,1,2024-02-10T19:00:00Z,2024-02-11T00:00:00Z,2:22
1,OKC,Paycom Center,16631,0,2023-12-11T20:00:00Z,2023-12-12T01:00:00Z,2:03
0,LAL,Crypto.com Arena,18997,1,2024-04-07T22:00:00Z,2024-04-08T02:00:00Z,2:05
1,HOU,Toyota Center,17016,0,2024-03-21T20:00:00Z,2024-03-22T00:00:00Z,2:19
1,OKC,Paycom Center,15874,0,2024-01-23T20:00:00Z,2024-01-24T01:00:00Z,2:11
0,NYK,Madison Square Garden,19812,1,2023-11-26T18:00:00Z,2023-11-26T23:00:00Z,2:25
0,WAS,Capital One Arena,20333,1,2024-01-06T19:00:00Z,2024-01-07T00:00:00Z,2:11
1,CHI,United Center,19088,0,2023-11-12T19:00:00Z,2023-11-13T00:00:00Z,2:12
0,ORL,Kia Center,19481,1,2024-03-10T18:00:00Z,2024-03-10T22:00:00Z,2:19
1,UTA,Delta Center,18206,1,2024-03-04T21:00:00Z,2024-03-05T02:00:00Z,2:07
0,LAL,Crypto.com Arena,18997,1,2024-04-09T22:00:00Z,2024-04-10T02:00:00Z,2:15
1,HOU,Toyota Center,16813,0,2023-12-13T20:00:00Z,2023-12-14T01:00:00Z,2:19
1,TOR,Scotiabank Arena,19800,1,2024-02-09T19:30:00Z,2024-02-10T00:30:00Z,2:19
1,CLE,Rocket Mortgage FieldHouse,19432,1,2023-11-26T19:30:00Z,2023-11-27T00:30:00Z,2:16
1,ORL,Kia Center,18102,0,2024-01-21T18:00:00Z,2024-01-21T23:00:00Z,2:17
1,PHX,Footprint Center,17071,1,2024-03-21T22:30:00Z,2024-03-22T02:30:00Z,2:21
1,MIL,Fiserv Forum,17781,1,2024-01-11T19:30:00Z,2024-01-12T00:30:00Z,2:12
1,BKN,Barclays Center,17732,1,2023-11-12T15:00:00Z,2023-11-12T20:00:00Z,2:17
1,CLE,Rocket Mortgage FieldHouse,19432,1,2024-01-05T19:30:00Z,2024-01-06T00:30:00Z,2:05
0,WAS,Capital One Arena,16018,0,2024-03-06T19:00:00Z,2024-03-07T00:00:00Z,2:14
1,PHX,Footprint Center,17071,1,2023-11-15T21:00:00Z,2023-11-16T02:00:00Z,2:07
0,CHA,Spectrum Center,19375,1,2024-02-05T19:00:00Z,2024-02-06T00:00:00Z,2:02
1,LAC,Crypto.com Arena,19370,1,2023-12-16T22:30:00Z,2023-12-17T03:30:00Z,2:16
0,CHA,Spectrum Center,14209,0,2024-04-03T19:00:00Z,2024-04-03T23:00:00Z,2:06
0,SAC,Golden 1 Center,17832,1,2024-03-26T22:00:00Z,2024-03-27T02:00:00Z,2:11
0,POR,Moda Center,17899,0,2024-01-28T21:00:00Z,2024-01-29T02:00:00Z,2:12
0,SAS,Frost Bank Center,18354,1,2023-11-18T20:00:00Z,2023-11-19T01:00:00Z,2:18
1,CHI,United Center,20293,0,2024-03-18T20:00:00Z,2024-03-19T00:00:00Z,2:19
1,UTA,Delta Center,18206,1,2023-10-27T21:30:00Z,2023-10-28T01:30:00Z,2:16
1,POR,Moda Center,18595,0,2024-01-19T22:00:00Z,2024-01-20T03:00:00Z,2:27
1,PHI,Wells Fargo Center,19957,1,2024-03-16T19:00:00Z,2024-03-16T23:00:00Z,2:15
0,POR,Moda Center,18547,0,2023-12-17T21:00:00Z,2023-12-18T02:00:00Z,2:15
1,NOP,Smoothie King Center,17429,1,2024-02-05T20:00:00Z,2024-02-06T01:00:00Z,1:60
0,NOP,Smoothie King Center,16427,0,2024-04-03T20:00:00Z,2024-04-04T00:00:00Z,2:17
0,LAC,Crypto.com Arena,19370,1,2024-02-25T21:30:00Z,2024-02-26T02:30:00Z,2:14
1,TOR,Scotiabank Arena,19631,0,2024-01-17T19:30:00Z,2024-01-18T00:30:00Z,2:01
1,DAL,American Airlines Center,20103,1,2023-11-01T20:30:00Z,2023-11-02T00:30:00Z,2:07
0,ATL,State Farm Arena,18305,1,2023-12-29T19:30:00Z,2023-12-30T00:30:00Z,2:09
1,DEN,Ball Arena,19842,1,2023-10-24T19:30:00Z,2023-10-24T23:30:00Z,2:17
0,MIA,Kaseya Center,19600,1,2023-12-08T20:00:00Z,2023-12-09T01:00:00Z,2:12
0,DET,Little Caesars Arena,19894,0,2024-03-15T19:00:00Z,2024-03-15T23:00:00Z,2:01
1,ORL,Amway Center,19354,1,2023-11-11T18:00:00Z,2023-11-11T23:00:00Z,2:25
1,PHX,Footprint Center,17071,1,2024-01-05T21:00:00Z,2024-01-06T02:00:00Z,2:07
1,CHI,United Center,21149,1,2024-01-10T20:00:00Z,2024-01-11T01:00:00Z,2:35
0,PHX,Footprint Center,17071,1,2024-03-02T21:00:00Z,2024-03-03T02:00:00Z,2:33
0,CHI,United Center,21363,1,2024-03-11T20:00:00Z,2024-03-12T00:00:00Z,1:58
0,POR,Moda Center,18570,0,2023-11-17T22:00:00Z,2023-11-18T03:00:00Z,2:09
1,IND,Gainbridge Fieldhouse,17274,1,2024-01-03T19:00:00Z,2024-01-04T00:00:00Z,2:35
1,LAC,Crypto.com Arena,17060,0,2023-12-12T22:30:00Z,2023-12-13T03:30:00Z,2:11
0,MIA,Kaseya Center,20049,1,2024-02-11T14:00:00Z,2024-02-11T19:00:00Z,2:22
1,MIL,Fiserv Forum,17493,1,2024-04-09T19:30:00Z,2024-04-09T23:30:00Z,1:58
1,BKN,Barclays Center,18075,1,2024-03-02T15:00:00Z,2024-03-02T20:00:00Z,2:18
1,MIA,Kaseya Center,19650,1,2024-01-12T20:00:00Z,2024-01-13T01:00:00Z,2:26
1,MIL,Fiserv Forum,17341,1,2023-11-08T20:00:00Z,2023-11-09T01:00:00Z,2:21
0,MEM,FedExForum,16385,0,2024-01-03T20:00:00Z,2024-01-04T01:00:00Z,2:14
1,BKN,Barclays Center,17361,0,2023-11-14T19:30:00Z,2023-11-15T00:30:00Z,2:07
0,NYK,Madison Square Garden,19812,1,2024-03-05T19:30:00Z,2024-03-06T00:30:00Z,2:07
1,POR,Moda Center,18117,0,2024-03-09T22:00:00Z,2024-03-10T03:00:00Z,2:24
1,PHI,Wells Fargo Center,19796,1,2023-11-04T13:00:00Z,2023-11-04T17:00:00Z,2:17
0,BKN,Barclays Center,17893,1,2024-01-15T19:30:00Z,2024-01-16T00:30:00Z,2:28
1,PHI,Wells Fargo Center,19768,1,2023-10-29T19:30:00Z,2023-10-29T23:30:00Z,2:12
0,SAC,Golden 1 Center,17832,1,2024-02-26T22:00:00Z,2024-02-27T03:00:00Z,2:08
0,UTA,Delta Center,18206,1,2024-03-16T21:30:00Z,2024-03-17T01:30:00Z,2:08
0,CHA,Spectrum Center,15855,0,2023-10-27T19:00:00Z,2023-10-27T23:00:00Z,2:25
0,POR,Moda Center,19335,1,2023-12-28T22:00:00Z,2023-12-29T03:00:00Z,2:16
0,MIA,Kaseya Center,20074,1,2024-01-25T19:30:00Z,2024-01-26T00:30:00Z,2:02
1,TOR,Scotiabank Arena,19800,1,2023-11-29T19:30:00Z,2023-11-30T00:30:00Z,2:12
1,ATL,State Farm Arena,17900,1,2024-03-23T19:30:00Z,2024-03-23T23:30:00Z,1:59
1,DEN,Ball Arena,19845,1,2024-04-10T22:00:00Z,2024-04-11T02:00:00Z,2:21
0,POR,Moda Center,17906,0,2024-02-13T22:00:00Z,2024-02-14T03:00:00Z,2:12
1,LAC,Crypto.com Arena,19370,1,2023-12-14T22:30:00Z,2023-12-15T03:30:00Z,2:19
0,BKN,Barclays Center,17935,1,2023-11-06T19:30:00Z,2023-11-07T00:30:00Z,2:20
0,DET,Little Caesars Arena,17833,0,2024-01-10T19:00:00Z,2024-01-11T00:00:00Z,2:06
0,ATL,State Farm Arena,17700,1,2024-03-30T19:30:00Z,2024-03-30T23:30:00Z,2:26
1,POR,Moda Center,17819,0,2023-11-22T22:00:00Z,2023-11-23T03:00:00Z,2:08
1,DEN,Ball Arena,19801,1,2024-01-29T21:00:00Z,2024-01-30T02:00:00Z,2:20
0,DAL,American Airlines Center,20310,1,2023-12-20T20:30:00Z,2023-12-21T01:30:00Z,2:19
0,DET,Little Caesars Arena,19122,0,2024-02-02T19:00:00Z,2024-02-03T00:00:00Z,2:06
1,NYK,Madison Square Garden,19013,0,2024-02-06T19:30:00Z,2024-02-07T00:30:00Z,2:06
1,DEN,Ball Arena,19741,1,2024-04-02T21:00:00Z,2024-04-03T01:00:00Z,2:11
1,IND,Gainbridge Fieldhouse,17274,1,2024-04-07T17:00:00Z,2024-04-07T21:00:00Z,2:28
1,MIL,Fiserv Forum,17635,1,2024-03-14T20:00:00Z,2024-03-15T00:00:00Z,2:15
1,NYK,Madison Square Garden,19133,0,2024-01-30T19:30:00Z,2024-01-31T00:30:00Z,2:04
1,MIN,Target Center,18024,1,2023-11-20T20:00:00Z,2023-11-21T01:00:00Z,2:19
1,ATL,State Farm Arena,17743,1,2024-03-28T19:30:00Z,2024-03-28T23:30:00Z,2:24
1,PHX,Footprint Center,17071,1,2024-04-05T22:00:00Z,2024-04-06T02:00:00Z,2:08
1,ORL,Kia Center,19074,1,2024-02-08T19:00:00Z,2024-02-09T00:00:00Z,2:15
1,CLE,Rocket Mortgage FieldHouse,19432,1,2023-12-20T19:00:00Z,2023-12-21T00:00:00Z,2:08
0,NOP,Smoothie King Center,17286,1,2023-10-30T20:00:00Z,2023-10-31T00:00:00Z,2:08
0,WAS,Capital One Arena,15156,0,2024-01-15T15:00:00Z,2024-01-15T20:00:00Z,2:07
0,CHI,United Center,21726,1,2024-03-25T20:00:00Z,2024-03-26T00:00:00Z,2:19
0,TOR,Scotiabank Arena,19800,1,2023-12-01T19:30:00Z,2023-12-02T00:30:00Z,2:13
1,GSW,Chase Center,18064,1,2024-01-24T22:00:00Z,2024-01-25T03:00:00Z,2:07
0,PHX,Footprint Center,17071,1,2023-12-15T22:00:00Z,2023-12-16T03:00:00Z,2:22
0,ATL,State Farm Arena,16524,0,2024-02-12T19:30:00Z,2024-02-13T00:30:00Z,2:14
0,MEM,FedExForum,16379,0,2023-12-11T20:00:00Z,2023-12-12T01:00:00Z,2:11
0,WAS,Capital One Arena,20333,1,2024-04-12T19:00:00Z,2024-04-12T23:00:00Z,2:20
0,DET,Little Caesars Arena,20062,1,2024-03-09T19:00:00Z,2024-03-10T00:00:00Z,2:18
1,PHI,Wells Fargo Center,19773,1,2023-11-02T19:00:00Z,2023-11-02T23:00:00Z,2:16
1,POR,Moda Center,17021,0,2024-01-17T22:00:00Z,2024-01-18T03:00:00Z,2:13
1,CHI,United Center,19555,0,2023-10-27T20:00:00Z,2023-10-28T00:00:00Z,2:45
1,SAS,Moody Center,16057,1,2024-03-17T19:00:00Z,2024-03-17T23:00:00Z,2:35
1,CHI,United Center,21441,1,2024-01-20T20:00:00Z,2024-01-21T01:00:00Z,2:06
1,BOS,TD Garden,19156,1,2024-04-03T19:30:00Z,2024-04-03T23:30:00Z,2:14
1,CLE,Rocket Mortgage FieldHouse,19432,1,2024-02-05T19:00:00Z,2024-02-06T00:00:00Z,2:08
1,BOS,TD Garden,19156,1,2023-12-17T15:00:00Z,2023-12-17T20:00:00Z,2:10
0,DAL,American Airlines Center,20373,1,2024-01-27T21:00:00Z,2024-01-28T02:00:00Z,2:23
0,GSW,Chase Center,18064,1,2023-11-16T22:00:00Z,2023-11-17T03:00:00Z,2:10
1,DEN,Ball Arena,19536,1,2024-03-25T21:00:00Z,2024-03-26T01:00:00Z,2:15
0,HOU,Toyota Center,18055,1,2024-01-05T20:00:00Z,2024-01-06T01:00:00Z,2:04
1,MIL,Fiserv Forum,17865,1,2023-11-13T20:00:00Z,2023-11-14T01:00:00Z,2:16
0,DEN,Ball Arena,19589,1,2024-03-05T22:00:00Z,2024-03-06T03:00:00Z,2:25
1,NYK,Madison Square Garden,19812,1,2024-03-12T19:30:00Z,2024-03-12T23:30:00Z,2:11
1,TOR,Scotiabank Arena,19423,0,2023-12-13T19:30:00Z,2023-12-14T00:30:00Z,2:19
1,BOS,TD Garden,19156,1,2024-02-09T19:30:00Z,2024-02-10T00:30:00Z,2:14
1,MIN,Target Center,18024,1,2024-04-09T20:00:00Z,2024-04-10T00:00:00Z,2:12
0,POR,Moda Center,18660,0,2024-03-22T22:00:00Z,2024-03-23T02:00:00Z,2:06
1,UTA,Delta Center,18206,1,2023-11-27T21:00:00Z,2023-11-28T02:00:00Z,2:18
0,DET,Little Caesars Arena,17201,0,2024-01-22T19:00:00Z,2024-01-23T00:00:00Z,2:19
1,DEN,Ball Arena,19737,0,2023-11-08T22:00:00Z,2023-11-09T03:00:00Z,2:21
0,IND,Gainbridge Fieldhouse,17274,1,2024-01-06T19:00:00Z,2024-01-07T00:00:00Z,2:11
1,DEN,Ball Arena,19638,1,2024-01-12T22:00:00Z,2024-01-13T03:00:00Z,2:16
0,CHA,Spectrum Center,15928,0,2024-03-05T19:00:00Z,2024-03-06T00:00:00Z,2:08
0,GSW,Chase Center,18064,1,2023-11-12T20:30:00Z,2023-11-13T01:30:00Z,2:25
0,CHA,Spectrum Center,17425,0,2024-04-09T19:00:00Z,2024-04-09T23:00:00Z,2:01
0,NYK,Madison Square Garden,19812,1,2024-02-10T19:30:00Z,2024-02-11T00:30:00Z,2:06
1,BOS,TD Garden,19156,1,2023-12-12T19:30:00Z,2023-12-13T00:30:00Z,2:03
0,MIN,Target Center,18024,1,2024-01-22T20:00:00Z,2024-01-23T01:00:00Z,2:11
1,BKN,Barclays Center,17817,1,2023-11-25T18:00:00Z,2023-11-25T23:00:00Z,2:11
1,GSW,Chase Center,18064,1,2024-03-20T22:00:00Z,2024-03-21T02:00:00Z,2:12
0,DET,Little Caesars Arena,19897,0,2024-03-20T19:00:00Z,2024-03-20T23:00:00Z,2:09
1,PHX,Footprint Center,17071,1,2023-10-28T22:00:00Z,2023-10-29T02:00:00Z,2:13
0,UTA,Delta Center,18206,1,2024-01-18T21:00:00Z,2024-01-19T02:00:00Z,2:24
1,DAL,American Airlines Center,20377,1,2024-03-17T15:30:00Z,2024-03-17T19:30:00Z,2:20
1,ATL,State Farm Arena,17664,1,2023-12-18T19:30:00Z,2023-12-19T00:30:00Z,2:25
0,DAL,American Airlines Center,20377,1,2024-02-03T20:30:00Z,2024-02-04T01:30:00Z,2:18
0,HOU,Toyota Center,18055,1,2024-04-04T20:00:00Z,2024-04-05T00:00:00Z,2:13
1,MIN,Target Center,18024,1,2024-03-27T20:00:00Z,2024-03-28T00:00:00Z,2:02
1,CHA,Spectrum Center,19134,1,2023-11-20T19:00:00Z,2023-11-21T00:00:00Z,2:20
0,CHA,Spectrum Center,17633,0,2024-01-27T19:00:00Z,2024-01-28T00:00:00Z,2:04
1,PHX,Footprint Center,17071,1,2023-12-31T20:00:00Z,2024-01-01T01:00:00Z,2:05
0,IND,Gainbridge Fieldhouse,16580,0,2024-03-07T19:00:00Z,2024-03-08T00:00:00Z,2:24
1,CHI,United Center,21700,1,2024-02-28T20:00:00Z,2024-02-29T01:00:00Z,2:44
0,DAL,American Airlines Center,20116,1,2024-01-09T20:30:00Z,2024-01-10T01:30:00Z,2:18
0,DET,Little Caesars Arena,20062,1,2023-11-06T19:00:00Z,2023-11-07T00:00:00Z,2:09
0,CLE,Rocket Mortgage FieldHouse,19432,1,2024-04-14T13:00:00Z,2024-04-14T17:00:00Z,1:48
1,DAL,American Airlines Center,20377,1,2024-02-22T19:30:00Z,2024-02-23T00:30:00Z,2:25
1,BOS,TD Garden,19156,1,2023-12-15T19:30:00Z,2023-12-16T00:30:00Z,2:07
0,PHI,Wells Fargo Center,20015,1,2024-02-14T19:00:00Z,2024-02-15T00:00:00Z,2:13
0,DET,Little Caesars Arena,18924,0,2023-12-02T19:00:00Z,2023-12-03T00:00:00Z,2:06
1,UTA,Delta Center,18206,1,2024-04-11T21:00:00Z,2024-04-12T01:00:00Z,2:18
1,SAC,Golden 1 Center,18332,1,2024-03-13T22:00:00Z,2024-03-14T02:00:00Z,2:13
1,CHA,Spectrum Center,11526,0,2023-12-08T19:00:00Z,2023-12-09T00:00:00Z,2:17
1,NYK,Madison Square Garden,19111,0,2023-11-28T19:30:00Z,2023-11-29T00:30:00Z,2:03
0,WAS,Capital One Arena,16293,0,2023-12-26T19:00:00Z,2023-12-27T00:00:00Z,2:23
0,CLE,Rocket Mortgage FieldHouse,19432,1,2023-10-31T19:30:00Z,2023-10-31T23:30:00Z,2:14
1,BOS,TD Garden,19156,1,2024-01-13T19:00:00Z,2024-01-14T00:00:00Z,2:07
1,GSW,Chase Center,18064,1,2024-02-23T22:00:00Z,2024-02-24T03:00:00Z,2:08
0,IND,Gainbridge Fieldhouse,17274,1,2023-12-23T19:00:00Z,2023-12-24T00:00:00Z,2:21
1,WAS,Capital One Arena,16492,0,2024-04-02T19:00:00Z,2024-04-02T23:00:00Z,2:13
0,BOS,TD Garden,19156,1,2024-02-01T19:30:00Z,2024-02-02T00:30:00Z,2:13
1,OKC,Paycom Center,18203,1,2023-12-26T20:00:00Z,2023-12-27T01:00:00Z,2:15
1,PHX,Footprint Center,17071,1,2023-11-21T21:00:00Z,2023-11-22T02:00:00Z,2:14
1,SAC,Golden 1 Center,18037,1,2024-04-14T15:30:00Z,2024-04-14T19:30:00Z,2:06
0,SAS,Frost Bank Center,18751,1,2024-03-12T20:30:00Z,2024-03-13T00:30:00Z,2:15
0,MEM,FedExForum,17255,0,2024-02-23T20:00:00Z,2024-02-24T01:00:00Z,2:12
0,POR,Moda Center,18071,0,2024-01-14T21:00:00Z,2024-01-15T02:00:00Z,2:14
1,ATL,State Farm Arena,15504,0,2023-10-30T19:30:00Z,2023-10-30T23:30:00Z,2:05
1,SAC,Golden 1 Center,17794,1,2023-12-22T22:00:00Z,2023-12-23T03:00:00Z,2:18
0,BKN,Barclays Center,18071,1,2023-12-20T19:30:00Z,2023-12-21T00:30:00Z,2:13
1,HOU,Toyota Center,18055,1,2024-02-02T20:00:00Z,2024-02-03T01:00:00Z,2:08
0,MIL,Fiserv Forum,17577,1,2024-02-08T20:00:00Z,2024-02-09T01:00:00Z,2:05
0,HOU,Toyota Center,18055,1,2024-03-31T19:00:00Z,2024-03-31T23:00:00Z,1:58
0,MEM,FedExForum,17794,1,2024-04-06T20:00:00Z,2024-04-07T00:00:00Z,2:15
1,LAL,Crypto.com Arena,18997,1,2024-03-08T22:00:00Z,2024-03-09T03:00:00Z,2:22
1,SAC,Golden 1 Center,18097,1,2023-11-10T22:00:00Z,2023-11-11T03:00:00Z,2:24
1,NOP,Smoothie King Center,18434,1,2023-12-31T19:00:00Z,2024-01-01T00:00:00Z,2:07
1,HOU,Toyota Center,15130,0,2023-11-06T20:00:00Z,2023-11-07T01:00:00Z,2:18
0,PHX,Footprint Center,17071,1,2024-01-07T20:00:00Z,2024-01-08T01:00:00Z,2:20
1,ORL,Kia Center,17848,0,2024-02-29T19:00:00Z,2024-03-01T00:00:00Z,2:15
1,BOS,TD Garden,19156,1,2024-02-14T19:30:00Z,2024-02-15T00:30:00Z,1:54
1,ORL,Kia Center,18846,1,2024-04-14T13:00:00Z,2024-04-14T17:00:00Z,2:09
1,PHI,Wells Fargo Center,19762,1,2023-12-11T19:00:00Z,2023-12-12T00:00:00Z,2:13
1,CLE,Rocket Mortgage FieldHouse,19432,1,2024-02-14T19:30:00Z,2024-02-15T00:30:00Z,2:20
1,NYK,Madison Square Garden,19812,1,2024-04-14T13:00:00Z,2024-04-14T17:00:00Z,2:35
1,ORL,Amway Center,19032,1,2023-12-11T19:00:00Z,2023-12-12T00:00:00Z,2:25
1,OKC,Paycom Center,18203,1,2024-03-08T20:00:00Z,2024-03-09T01:00:00Z,2:07
0,CHA,Spectrum Center,15673,0,2023-11-14T19:00:00Z,2023-11-15T00:00:00Z,2:14
1,OKC,Paycom Center,18203,1,2023-12-31T19:00:00Z,2024-01-01T00:00:00Z,2:19
1,CHI,United Center,18031,0,2023-11-06T20:00:00Z,2023-11-07T01:00:00Z,2:06
1,DEN,Ball Arena,19623,1,2024-01-07T20:00:00Z,2024-01-08T01:00:00Z,2:16
1,BKN,Barclays Center,17284,0,2024-02-29T19:30:00Z,2024-03-01T00:30:00Z,2:05
1,GSW,Chase Center,18064,1,2023-12-22T22:00:00Z,2023-12-23T03:00:00Z,2:16
0,TOR,Scotiabank Arena,19800,1,2023-12-20T19:30:00Z,2023-12-21T00:30:00Z,1:57
0,MEM,FedExForum,17794,1,2024-02-02T20:00:00Z,2024-02-03T01:00:00Z,2:20
1,PHX,Footprint Center,17071,1,2024-02-08T21:00:00Z,2024-02-09T02:00:00Z,2:10
0,NYK,Madison Square Garden,19812,1,2024-03-31T19:00:00Z,2024-03-31T23:00:00Z,2:33
1,BKN,Barclays Center,17732,1,2024-04-06T19:00:00Z,2024-04-06T23:00:00Z,2:08
0,NOP,Smoothie King Center,18538,1,2023-12-26T20:00:00Z,2023-12-27T01:00:00Z,2:52
0,PHI,Wells Fargo Center,20565,1,2023-11-21T19:30:00Z,2023-11-22T00:30:00Z,2:51
1,MIL,Fiserv Forum,17448,1,2023-12-05T19:30:00Z,2023-12-06T00:30:00Z,2:21
0,UTA,Delta Center,18206,1,2024-03-12T21:00:00Z,2024-03-13T01:00:00Z,2:00
1,HOU,Toyota Center,18055,1,2024-02-23T20:00:00Z,2024-02-24T01:00:00Z,2:32
1,PHI,Wells Fargo Center,20822,1,2024-01-15T13:00:00Z,2024-01-15T18:00:00Z,2:25
0,TOR,Scotiabank Arena,19266,0,2023-10-30T19:30:00Z,2023-10-30T23:30:00Z,2:03
0,CHA,Spectrum Center,19165,1,2023-12-23T19:00:00Z,2023-12-24T00:00:00Z,2:09
0,TOR,Scotiabank Arena,19800,1,2024-04-02T19:00:00Z,2024-04-02T23:00:00Z,2:06
1,NYK,Madison Square Garden,19812,1,2024-02-01T19:30:00Z,2024-02-02T00:30:00Z,2:17
1,BOS,TD Garden,19156,1,2024-03-14T19:30:00Z,2024-03-14T23:30:00Z,2:03
1,ORL,Amway Center,18655,0,2023-12-08T19:00:00Z,2023-12-09T00:00:00Z,2:09
0,MIA,Kaseya Center,19691,1,2023-11-28T19:30:00Z,2023-11-29T00:30:00Z,2:30
0,DET,Little Caesars Arena,19811,0,2023-12-26T19:00:00Z,2023-12-27T00:00:00Z,2:27
0,PHX,Footprint Center,17071,1,2023-10-31T22:00:00Z,2023-11-01T02:00:00Z,2:28
0,ATL,State Farm Arena,17108,1,2024-01-13T19:30:00Z,2024-01-14T00:30:00Z,2:13
0,NOP,Smoothie King Center,18658,1,2024-02-23T20:00:00Z,2024-02-24T01:00:00Z,2:26
1,BOS,TD Garden,19156,1,2024-04-14T13:00:00Z,2024-04-14T17:00:00Z,2:02
0,CHI,United Center,20313,0,2024-02-22T20:00:00Z,2024-02-23T01:00:00Z,2:03
1,WAS,Capital One Arena,15208,0,2023-12-15T19:00:00Z,2023-12-16T00:00:00Z,2:17
1,ORL,Kia Center,19259,1,2024-02-14T19:00:00Z,2024-02-15T00:00:00Z,2:08
1,BKN,Barclays Center,17966,1,2023-12-02T19:00:00Z,2023-12-03T00:00:00Z,2:20
0,POR,Moda Center,19335,1,2024-04-11T22:00:00Z,2024-04-12T02:00:00Z,2:06
1,NYK,Madison Square Garden,19812,1,2024-01-01T15:00:00Z,2024-01-01T20:00:00Z,2:28
1,IND,Gainbridge Fieldhouse,16744,0,2023-11-03T19:00:00Z,2023-11-03T23:00:00Z,2:20
1,DET,Little Caesars Arena,19011,0,2024-03-07T19:00:00Z,2024-03-08T00:00:00Z,2:14
1,DEN,Ball Arena,19628,1,2024-02-28T21:00:00Z,2024-02-29T02:00:00Z,2:03
1,NYK,Madison Square Garden,19812,1,2024-01-09T19:30:00Z,2024-01-10T00:30:00Z,2:05
0,POR,Moda Center,18187,0,2023-11-05T21:00:00Z,2023-11-06T02:00:00Z,2:14
0,MIA,Kaseya Center,19819,1,2023-12-18T19:30:00Z,2023-12-19T00:30:00Z,2:11
0,SAS,Frost Bank Center,18354,1,2024-02-03T20:30:00Z,2024-02-04T01:30:00Z,2:17
1,NYK,Madison Square Garden,19812,1,2024-04-04T19:30:00Z,2024-04-04T23:30:00Z,2:28
0,OKC,Paycom Center,17438,0,2024-03-27T20:00:00Z,2024-03-28T00:00:00Z,2:33
1,LAL,Crypto.com Arena,18997,1,2023-11-19T21:30:00Z,2023-11-20T02:30:00Z,2:22
0,BOS,TD Garden,19156,1,2024-01-27T19:00:00Z,2024-01-28T00:00:00Z,2:03
0,CLE,Rocket Mortgage FieldHouse,19432,1,2024-03-20T19:00:00Z,2024-03-20T23:00:00Z,2:15
0,OKC,Paycom Center,18203,1,2023-10-29T15:30:00Z,2023-10-29T19:30:00Z,2:00
0,TOR,Scotiabank Arena,19312,0,2024-01-18T19:30:00Z,2024-01-19T00:30:00Z,2:13
1,ORL,Kia Center,18846,1,2024-03-17T18:00:00Z,2024-03-17T22:00:00Z,2:10
1,PHI,Wells Fargo Center,19796,1,2024-04-09T19:00:00Z,2024-04-09T23:00:00Z,2:08
1,ATL,State Farm Arena,17503,1,2024-02-10T19:30:00Z,2024-02-11T00:30:00Z,2:19
1,LAC,Crypto.com Arena,17102,0,2023-12-11T22:30:00Z,2023-12-12T03:30:00Z,2:28
0,DAL,American Airlines Center,20277,1,2024-01-22T20:30:00Z,2024-01-23T01:30:00Z,2:07
0,WAS,Capital One Arena,16276,0,2023-11-25T19:00:00Z,2023-11-26T00:00:00Z,2:03
1,OKC,Paycom Center,18203,0,2024-03-20T20:00:00Z,2024-03-21T00:00:00Z,2:16
0,DAL,American Airlines Center,20063,1,2023-11-08T20:30:00Z,2023-11-09T01:30:00Z,2:19
1,SAC,Golden 1 Center,17941,1,2024-01-05T22:00:00Z,2024-01-06T03:00:00Z,2:22
1,MIN,Target Center,18024,1,2024-01-12T20:00:00Z,2024-01-13T01:00:00Z,2:11
1,LAL,Crypto.com Arena,18997,1,2024-03-04T22:30:00Z,2024-03-05T03:30:00Z,2:05
1,LAL,Crypto.com Arena,18997,1,2023-11-12T22:00:00Z,2023-11-13T03:00:00Z,2:11
1,MIA,Kaseya Center,19600,1,2023-12-13T19:30:00Z,2023-12-14T00:30:00Z,2:04
0,PHI,Wells Fargo Center,19758,1,2024-02-09T19:00:00Z,2024-02-10T00:00:00Z,2:23
1,OKC,Paycom Center,17509,0,2024-04-09T20:00:00Z,2024-04-10T00:00:00Z,2:16
0,GSW,Chase Center,18064,1,2024-03-22T22:00:00Z,2024-03-23T02:00:00Z,2:13
0,LAC,Crypto.com Arena,17071,0,2023-11-27T22:30:00Z,2023-11-28T03:30:00Z,2:26
0,ORL,Kia Center,19301,1,2024-01-22T19:00:00Z,2024-01-23T00:00:00Z,2:12
1,CHI,United Center,21345,1,2024-01-05T20:00:00Z,2024-01-06T01:00:00Z,2:06
1,SAC,Golden 1 Center,17829,1,2023-11-13T22:00:00Z,2023-11-14T03:00:00Z,2:17
0,DAL,American Airlines Center,20200,1,2024-03-05T20:30:00Z,2024-03-06T01:30:00Z,2:14
0,POR,Moda Center,18480,0,2024-03-11T22:30:00Z,2024-03-12T02:30:00Z,1:53
1,ATL,State Farm Arena,17899,1,2024-04-03T19:30:00Z,2024-04-03T23:30:00Z,2:07
0,PHI,Wells Fargo Center,19764,1,2024-02-05T19:00:00Z,2024-02-06T00:00:00Z,2:09
0,SAS,Frost Bank Center,18354,1,2023-12-17T15:30:00Z,2023-12-17T20:30:00Z,2:06
0,GSW,Chase Center,18064,1,2024-01-27T20:30:00Z,2024-01-28T01:30:00Z,3:18
1,MIA,Kaseya Center,19866,1,2023-11-16T19:30:00Z,2023-11-17T00:30:00Z,2:17
0,UTA,Delta Center,18206,1,2024-03-25T21:00:00Z,2024-03-26T01:00:00Z,2:05
1,NOP,Smoothie King Center,15884,0,2023-11-02T20:00:00Z,2023-11-03T00:00:00Z,2:21
1,NYK,Madison Square Garden,19466,0,2024-01-18T19:30:00Z,2024-01-19T00:30:00Z,2:25
1,SAS,Frost Bank Center,18354,1,2023-10-27T20:00:00Z,2023-10-28T00:00:00Z,2:38
0,WAS,Capital One Arena,20333,1,2024-03-17T18:00:00Z,2024-03-17T22:00:00Z,2:16
1,NYK,Madison Square Garden,19812,1,2024-01-20T19:30:00Z,2024-01-21T00:30:00Z,2:11
1,CHA,Spectrum Center,19090,1,2024-03-09T19:00:00Z,2024-03-10T00:00:00Z,2:08
0,TOR,Scotiabank Arena,18376,0,2024-03-25T19:30:00Z,2024-03-25T23:30:00Z,2:08
0,DAL,American Airlines Center,20150,1,2023-12-01T19:30:00Z,2023-12-02T00:30:00Z,2:08
1,IND,Gainbridge Fieldhouse,15699,0,2024-01-25T19:00:00Z,2024-01-26T00:00:00Z,2:30
0,MEM,FedExForum,16941,0,2023-12-15T20:00:00Z,2023-12-16T01:00:00Z,2:20
0,CLE,Rocket Mortgage FieldHouse,19432,1,2024-02-12T19:00:00Z,2024-02-13T00:00:00Z,2:22
1,HOU,Toyota Center,16481,0,2023-12-11T20:00:00Z,2023-12-12T01:00:00Z,2:07
1,BOS,TD Garden,19156,1,2024-04-12T19:30:00Z,2024-04-12T23:30:00Z,1:57
1,OKC,Paycom Center,16127,0,2023-10-30T20:00:00Z,2023-10-31T00:00:00Z,2:18
1,ATL,State Farm Arena,17447,1,2024-01-15T15:30:00Z,2024-01-15T20:30:00Z,2:17
1,BOS,TD Garden,19156,1,2024-01-30T19:30:00Z,2024-01-31T00:30:00Z,2:25
0,CHI,United Center,19258,0,2023-11-20T20:00:00Z,2023-11-21T01:00:00Z,2:09
1,NOP,Smoothie King Center,17484,1,2024-03-28T20:00:00Z,2024-03-29T00:00:00Z,2:20
1,DAL,American Airlines Center,20211,1,2024-04-04T19:30:00Z,2024-04-04T23:30:00Z,2:09
0,BKN,Barclays Center,17304,0,2024-02-08T19:30:00Z,2024-02-09T00:30:00Z,2:03
1,IND,Gainbridge Fieldhouse,16761,0,2023-12-20T19:00:00Z,2023-12-21T00:00:00Z,2:11
1,OKC,Paycom Center,18203,1,2024-03-14T22:00:00Z,2024-03-15T02:00:00Z,2:26
1,DEN,Ball Arena,19621,1,2024-03-31T15:30:00Z,2024-03-31T19:30:00Z,2:07
1,PHX,Footprint Center,17071,1,2023-11-22T22:00:00Z,2023-11-23T03:00:00Z,2:43
1,DAL,American Airlines Center,20020,1,2024-01-29T20:30:00Z,2024-01-30T01:30:00Z,2:35
0,SAC,Golden 1 Center,17874,1,2023-12-20T22:00:00Z,2023-12-21T03:00:00Z,2:11
0,WAS,Capital One Arena,18308,0,2024-02-02T19:00:00Z,2024-02-03T00:00:00Z,2:24
1,CHI,United Center,20949,1,2024-02-06T20:00:00Z,2024-02-07T01:00:00Z,2:40
1,MIN,Target Center,18024,1,2024-04-02T20:00:00Z,2024-04-03T00:00:00Z,2:13
1,LAC,Crypto.com Arena,19370,1,2024-04-07T15:30:00Z,2024-04-07T19:30:00Z,2:19
1,PHI,Wells Fargo Center,19765,1,2023-11-06T19:00:00Z,2023-11-07T00:00:00Z,2:14
0,CHA,Spectrum Center,14173,0,2024-01-10T19:00:00Z,2024-01-11T00:00:00Z,2:03
1,NYK,Madison Square Garden,19812,1,2024-01-25T19:30:00Z,2024-01-26T00:30:00Z,2:05
1,MEM,FedExForum,15327,0,2023-11-29T20:00:00Z,2023-11-30T01:00:00Z,2:06
0,ORL,Kia Center,18307,0,2024-03-23T19:00:00Z,2024-03-23T23:00:00Z,2:18
0,LAC,Crypto.com Arena,19370,1,2024-04-10T22:30:00Z,2024-04-11T02:30:00Z,2:03
1,PHX,Footprint Center,17071,1,2024-02-13T22:00:00Z,2024-02-14T03:00:00Z,2:28
1,SAC,Golden 1 Center,17794,1,2023-12-14T22:00:00Z,2023-12-15T03:00:00Z,2:25
0,IND,Gainbridge Fieldhouse,15945,0,2023-11-04T19:00:00Z,2023-11-04T23:00:00Z,2:32
0,TOR,Scotiabank Arena,19278,0,2024-01-15T19:30:00Z,2024-01-16T00:30:00Z,2:06
1,LAC,Crypto.com Arena,19370,1,2023-10-29T21:00:00Z,2023-10-30T01:00:00Z,2:06
0,MEM,FedExForum,15417,0,2024-02-26T20:00:00Z,2024-02-27T01:00:00Z,2:13
0,SAC,Golden 1 Center,18311,1,2024-03-16T22:00:00Z,2024-03-17T02:00:00Z,2:22
1,LAL,Crypto.com Arena,18997,1,2023-10-26T22:00:00Z,2023-10-27T02:00:00Z,2:27
0,GSW,Chase Center,18064,1,2023-12-28T22:00:00Z,2023-12-29T03:00:00Z,2:15
1,MIA,Kaseya Center,19858,1,2024-03-02T17:00:00Z,2024-03-02T22:00:00Z,2:14
0,DET,Little Caesars Arena,13987,0,2024-01-12T19:30:00Z,2024-01-13T00:30:00Z,2:11
0,MEM,FedExForum,16781,0,2023-11-08T20:00:00Z,2023-11-09T01:00:00Z,2:29
0,MIN,Target Center,18024,1,2024-01-03T20:00:00Z,2024-01-04T01:00:00Z,2:11
1,OKC,Paycom Center,18203,1,2023-11-14T19:30:00Z,2023-11-15T00:30:00Z,2:18
1,MIA,Kaseya Center,19724,1,2024-03-05T19:30:00Z,2024-03-06T00:30:00Z,2:10
1,DEN,Ball Arena,19632,1,2024-03-09T21:00:00Z,2024-03-10T02:00:00Z,2:12
1,PHX,Footprint Center,17071,1,2023-12-12T22:00:00Z,2023-12-13T03:00:00Z,2:38
0,POR,Moda Center,18226,0,2024-02-10T22:00:00Z,2024-02-11T03:00:00Z,2:02
0,CHI,United Center,21648,1,2024-04-09T20:00:00Z,2024-04-10T00:00:00Z,2:12
0,ORL,Arena CDMX,19986,1,2023-11-09T21:30:00Z,2023-11-10T02:30:00Z,2:31
0,DEN,Ball Arena,19659,1,2024-01-05T21:00:00Z,2024-01-06T02:00:00Z,2:15
0,MIA,Kaseya Center,19636,1,2024-01-10T19:30:00Z,2024-01-11T00:30:00Z,2:14
0,DAL,American Airlines Center,20277,1,2024-03-03T13:00:00Z,2024-03-03T18:00:00Z,2:25
0,CLE,Rocket Mortgage FieldHouse,19432,1,2024-03-11T19:30:00Z,2024-03-11T23:30:00Z,2:10
1,LAC,Crypto.com Arena,19370,1,2023-11-17T22:30:00Z,2023-11-18T03:30:00Z,2:27
1,ATL,State Farm Arena,17770,1,2024-01-03T19:30:00Z,2024-01-04T00:30:00Z,2:27
0,POR,Moda Center,17888,0,2024-02-25T21:00:00Z,2024-02-26T02:00:00Z,1:56
1,NOP,Smoothie King Center,16093,0,2024-01-17T20:00:00Z,2024-01-18T01:00:00Z,2:04
1,UTA,Delta Center,18206,1,2023-11-01T21:00:00Z,2023-11-02T01:00:00Z,2:22
1,WAS,Capital One Arena,16825,0,2023-12-29T19:00:00Z,2023-12-30T00:00:00Z,2:05
1,SAC,Golden 1 Center,18039,1,2023-11-28T22:00:00Z,2023-11-29T03:00:00Z,2:46
0,MEM,FedExForum,15577,0,2023-12-08T20:00:00Z,2023-12-09T01:00:00Z,2:11
0,TOR,Scotiabank Arena,19800,1,2024-03-15T19:30:00Z,2024-03-15T23:30:00Z,2:14
1,CLE,Rocket Mortgage FieldHouse,19432,1,2023-12-18T19:00:00Z,2023-12-19T00:00:00Z,2:42
1,IND,Gainbridge Fieldhouse,15571,0,2024-02-06T19:00:00Z,2024-02-07T00:00:00Z,2:09
1,MIN,Target Center,18024,1,2024-04-03T20:00:00Z,2024-04-04T00:00:00Z,1:60
0,SAS,Frost Bank Center,18886,1,2023-12-31T19:00:00Z,2024-01-01T00:00:00Z,1:57
0,DET,Little Caesars Arena,16963,0,2023-11-14T19:00:00Z,2023-11-15T00:00:00Z,2:14
0,SAC,Golden 1 Center,17832,1,2024-04-11T22:00:00Z,2024-04-12T02:00:00Z,2:17
1,SAS,Frost Bank Center,18354,1,2023-12-15T19:30:00Z,2023-12-16T00:30:00Z,2:14
1,CHA,Spectrum Center,12112,0,2024-02-12T19:00:00Z,2024-02-13T00:00:00Z,2:05
1,ORL,Amway Center,18846,1,2023-12-01T19:00:00Z,2023-12-02T00:00:00Z,2:30
1,MIL,Fiserv Forum,17510,1,2024-01-24T20:00:00Z,2024-01-25T01:00:00Z,2:09
1,NYK,Madison Square Garden,19812,1,2024-03-25T19:30:00Z,2024-03-25T23:30:00Z,2:11
1,OKC,Paycom Center,18203,1,2024-02-23T20:00:00Z,2024-02-24T01:00:00Z,2:04
0,NYK,Madison Square Garden,19812,1,2024-02-08T19:30:00Z,2024-02-09T00:30:00Z,2:12
0,ORL,Kia Center,19129,1,2023-12-20T19:00:00Z,2023-12-21T00:00:00Z,2:19
1,LAL,Crypto.com Arena,18997,1,2024-04-06T15:30:00Z,2024-04-06T19:30:00Z,2:04
0,CHA,Spectrum Center,19487,1,2024-03-29T19:00:00Z,2024-03-29T23:00:00Z,2:03
1,GSW,Chase Center,18064,1,2024-01-30T22:00:00Z,2024-01-31T03:00:00Z,2:22
0,LAC,Crypto.com Arena,19370,1,2023-12-23T15:30:00Z,2023-12-23T20:30:00Z,2:09
0,SAS,Frost Bank Center,18354,1,2023-11-20T20:00:00Z,2023-11-21T01:00:00Z,2:05
1,PHI,Wells Fargo Center,19746,1,2023-12-08T19:00:00Z,2023-12-09T00:00:00Z,2:13
0,HOU,Toyota Center,18055,1,2023-12-26T20:00:00Z,2023-12-27T01:00:00Z,2:16
1,DAL,American Airlines Center,20103,1,2023-11-28T20:30:00Z,2023-11-29T01:30:00Z,2:36
1,DAL,American Airlines Center,20317,1,2024-04-07T15:30:00Z,2024-04-07T19:30:00Z,2:49
1,CHI,United Center,21234,1,2023-12-20T20:00:00Z,2023-12-21T01:00:00Z,1:60
0,BKN,Barclays Center,17732,1,2024-02-06T19:30:00Z,2024-02-07T00:30:00Z,2:11
0,SAS,Frost Bank Center,18354,1,2023-11-22T20:00:00Z,2023-11-23T01:00:00Z,2:17
0,SAS,Frost Bank Center,17020,0,2024-01-29T20:00:00Z,2024-01-30T01:00:00Z,2:10
0,NOP,Smoothie King Center,17932,1,2024-03-30T17:00:00Z,2024-03-30T21:00:00Z,2:02
0,LAC,Crypto.com Arena,19370,1,2024-02-28T22:00:00Z,2024-02-29T03:00:00Z,2:16
1,CHA,Spectrum Center,14336,0,2024-02-14T19:00:00Z,2024-02-15T00:00:00Z,2:07
1,PHI,Wells Fargo Center,19761,1,2023-12-15T19:00:00Z,2023-12-16T00:00:00Z,2:11
0,DET,Little Caesars Arena,20013,0,2024-04-11T19:00:00Z,2024-04-11T23:00:00Z,2:03
0,CHI,United Center,21198,1,2024-03-23T20:00:00Z,2024-03-24T00:00:00Z,1:59
1,MIA,Kaseya Center,19600,1,2024-04-14T13:00:00Z,2024-04-14T17:00:00Z,2:07
0,GSW,Chase Center,18064,1,2024-01-25T22:00:00Z,2024-01-26T03:00:00Z,2:25
1,NOP,Smoothie King Center,16009,0,2023-11-29T20:00:00Z,2023-11-30T01:00:00Z,2:23
1,NOP,Smoothie King Center,17421,1,2024-02-22T20:00:00Z,2024-02-23T01:00:00Z,2:19
1,MIL,Fiserv Forum,17783,1,2023-10-26T19:30:00Z,2023-10-26T23:30:00Z,2:42
1,DEN,Ball Arena,19733,1,2023-12-28T21:00:00Z,2023-12-29T02:00:00Z,0:00
1,MIL,Fiserv Forum,17783,1,2024-03-17T13:00:00Z,2024-03-17T17:00:00Z,2:10
1,ORL,Kia Center,17708,0,2024-02-27T19:00:00Z,2024-02-28T00:00:00Z,2:16
0,TOR,Scotiabank Arena,18641,0,2024-03-20T19:30:00Z,2024-03-20T23:30:00Z,2:06
0,UTA,Delta Center,18206,1,2023-11-02T21:00:00Z,2023-11-03T01:00:00Z,2:35
1,MEM,FedExForum,16612,0,2024-01-15T18:00:00Z,2024-01-15T23:00:00Z,2:22
0,UTA,Delta Center,18206,1,2024-03-27T21:00:00Z,2024-03-28T01:00:00Z,2:13
1,SAS,Frost Bank Center,17726,0,2024-01-27T20:30:00Z,2024-01-28T01:30:00Z,2:05
0,WAS,Capital One Arena,17746,0,2023-11-20T19:00:00Z,2023-11-21T00:00:00Z,2:05
0,GSW,Chase Center,18064,1,2024-03-09T20:30:00Z,2024-03-10T01:30:00Z,2:24
1,DAL,American Airlines Center,20077,1,2024-01-03T20:30:00Z,2024-01-04T01:30:00Z,2:22
1,BOS,TD Garden,19156,1,2023-11-13T19:30:00Z,2023-11-14T00:30:00Z,2:12
1,NOP,Smoothie King Center,16354,0,2023-11-14T20:00:00Z,2023-11-15T01:00:00Z,2:10
0,MEM,FedExForum,16617,0,2024-01-12T20:00:00Z,2024-01-13T01:00:00Z,2:08
1,OKC,Paycom Center,16314,0,2023-11-08T20:00:00Z,2023-11-09T01:00:00Z,2:19
0,CHI,United Center,21249,1,2024-03-01T22:00:00Z,2024-03-02T03:00:00Z,2:24
1,NOP,Smoothie King Center,15278,0,2023-11-17T20:00:00Z,2023-11-18T01:00:00Z,2:11
0,SAC,Golden 1 Center,17832,1,2024-01-02T22:00:00Z,2024-01-03T03:00:00Z,2:11
1,DEN,Ball Arena,19652,1,2024-03-11T21:00:00Z,2024-03-12T01:00:00Z,2:06
1,BOS,TD Garden,19156,1,2024-03-03T15:30:00Z,2024-03-03T20:30:00Z,2:07
1,IND,Gainbridge Fieldhouse,14648,0,2023-11-09T19:00:00Z,2023-11-10T00:00:00Z,2:25
1,ATL,State Farm Arena,16089,0,2024-01-10T19:30:00Z,2024-01-11T00:30:00Z,2:36
1,NYK,Madison Square Garden,19812,1,2024-03-23T13:00:00Z,2024-03-23T17:00:00Z,2:00
1,PHI,Wells Fargo Center,20511,1,2024-01-22T19:00:00Z,2024-01-23T00:00:00Z,2:18
0,DET,Little Caesars Arena,20062,1,2023-11-29T19:00:00Z,2023-11-30T00:00:00Z,2:13
1,OKC,Paycom Center,17112,0,2023-12-08T20:00:00Z,2023-12-09T01:00:00Z,2:40
0,POR,Moda Center,17768,0,2024-03-14T22:00:00Z,2024-03-15T02:00:00Z,2:06
0,CLE,Rocket Mortgage FieldHouse,19432,1,2023-12-29T19:30:00Z,2023-12-30T00:30:00Z,2:16
1,CHA,Spectrum Center,16129,0,2023-10-25T19:00:00Z,2023-10-25T23:00:00Z,2:22
0,MIN,Target Center,18024,1,2024-01-20T20:00:00Z,2024-01-21T01:00:00Z,2:24
0,UTA,Delta Center,18206,1,2024-02-15T21:00:00Z,2024-02-16T02:00:00Z,2:15
1,GSW,Chase Center,18064,1,2023-11-01T22:00:00Z,2023-11-02T02:00:00Z,2:14
1,UTA,Delta Center,18206,1,2024-02-25T20:00:00Z,2024-02-26T01:00:00Z,2:13
1,NYK,Madison Square Garden,19812,1,2023-12-11T19:30:00Z,2023-12-12T00:30:00Z,2:21
1,SAS,Frost Bank Center,18044,0,2024-03-25T20:00:00Z,2024-03-26T00:00:00Z,2:08
0,MEM,FedExForum,17544,0,2024-04-14T15:30:00Z,2024-04-14T19:30:00Z,2:10
0,WAS,Capital One Arena,14027,0,2024-01-25T19:00:00Z,2024-01-26T00:00:00Z,2:02
1,NOP,Smoothie King Center,17028,1,2023-12-01T20:00:00Z,2023-12-02T01:00:00Z,2:09
0,TOR,Scotiabank Arena,19800,1,2024-02-14T19:30:00Z,2024-02-15T00:30:00Z,2:13
0,NYK,Madison Square Garden,19812,1,2024-02-29T19:30:00Z,2024-03-01T00:30:00Z,2:18
1,NYK,Madison Square Garden,19812,1,2023-11-06T19:30:00Z,2023-11-07T00:30:00Z,2:09
1,DAL,American Airlines Center,20111,1,2024-01-07T19:30:00Z,2024-01-08T00:30:00Z,2:17
1,DAL,American Airlines Center,20377,1,2023-11-10T20:30:00Z,2023-11-11T01:30:00Z,2:24
0,GSW,Chase Center,18064,1,2023-12-30T20:30:00Z,2023-12-31T01:30:00Z,2:13
1,LAC,Crypto.com Arena,19370,1,2024-03-09T16:00:00Z,2024-03-09T21:00:00Z,2:11
0,WAS,Capital One Arena,16039,0,2024-03-31T18:00:00Z,2024-03-31T22:00:00Z,2:11
1,ATL,State Farm Arena,16536,0,2024-02-02T19:30:00Z,2024-02-03T00:30:00Z,2:09
1,HOU,Toyota Center,18055,1,2023-12-22T20:00:00Z,2023-12-23T01:00:00Z,2:10
1,DAL,American Airlines Center,20010,1,2024-01-15T14:30:00Z,2024-01-15T19:30:00Z,2:29
0,MEM,FedExForum,15031,0,2023-10-30T20:00:00Z,2023-10-31T00:00:00Z,2:14
1,PHI,Wells Fargo Center,19938,1,2024-02-23T19:30:00Z,2024-02-24T00:30:00Z,2:20
1,IND,Gainbridge Fieldhouse,16693,0,2023-12-04T19:30:00Z,2023-12-05T00:30:00Z,2:14
1,MEM,FedExForum,15291,0,2024-03-12T20:00:00Z,2024-03-13T00:00:00Z,2:05
1,POR,Moda Center,18585,0,2023-12-26T22:00:00Z,2023-12-27T03:00:00Z,2:06
1,ORL,Amway Center,18846,1,2023-11-24T14:30:00Z,2023-11-24T19:30:00Z,2:17
0,UTA,Delta Center,18206,1,2024-02-01T22:00:00Z,2024-02-02T03:00:00Z,2:26
1,DAL,American Airlines Center,20425,1,2024-04-05T20:30:00Z,2024-04-06T00:30:00Z,2:21
0,BKN,Barclays Center,18162,1,2024-03-31T18:00:00Z,2024-03-31T22:00:00Z,2:08
1,ATL,State Farm Arena,17871,1,2024-01-30T19:30:00Z,2024-01-31T00:30:00Z,2:07
0,ATL,State Farm Arena,17632,1,2023-12-23T19:30:00Z,2023-12-24T00:30:00Z,2:18
0,OKC,Paycom Center,17125,0,2023-11-25T17:00:00Z,2023-11-25T22:00:00Z,2:33
1,LAL,Crypto.com Arena,18997,1,2024-02-23T22:30:00Z,2024-02-24T03:30:00Z,2:12
1,DEN,Ball Arena,19671,1,2023-10-30T21:00:00Z,2023-10-31T01:00:00Z,2:13
1,UTA,Delta Center,18206,1,2024-01-12T21:30:00Z,2024-01-13T02:30:00Z,2:11
1,CLE,Rocket Mortgage FieldHouse,19432,1,2023-11-28T19:30:00Z,2023-11-29T00:30:00Z,2:10
0,PHX,Footprint Center,17071,1,2023-12-25T22:30:00Z,2023-12-26T03:30:00Z,2:25
0,CHI,United Center,21219,1,2024-03-14T20:00:00Z,2024-03-15T00:00:00Z,1:60
1,GSW,Chase Center,18064,1,2023-12-06T22:00:00Z,2023-12-07T03:00:00Z,2:20
0,CHA,Spectrum Center,17731,0,2023-12-02T17:00:00Z,2023-12-02T22:00:00Z,2:17
0,PHI,Wells Fargo Center,21094,1,2024-02-22T19:00:00Z,2024-02-23T00:00:00Z,2:13
0,SAC,Golden 1 Center,17832,1,2024-04-12T22:30:00Z,2024-04-13T02:30:00Z,2:17
1,BOS,TD Garden,19156,1,2024-01-10T19:00:00Z,2024-01-11T00:00:00Z,2:38
0,ORL,Amway Center,19409,1,2023-11-06T19:00:00Z,2023-11-07T00:00:00Z,2:22
0,TOR,Scotiabank Arena,19800,1,2024-02-28T19:30:00Z,2024-02-29T00:30:00Z,2:09
0,LAL,Crypto.com Arena,18498,0,2024-03-06T22:30:00Z,2024-03-07T03:30:00Z,2:16
1,TOR,Scotiabank Arena,19800,1,2024-01-01T19:30:00Z,2024-01-02T00:30:00Z,2:29
1,MIL,Fiserv Forum,17717,1,2023-11-03T19:30:00Z,2023-11-03T23:30:00Z,2:37
0,POR,Moda Center,18235,0,2023-11-19T21:00:00Z,2023-11-20T02:00:00Z,1:59
1,BKN,Barclays Center,17732,1,2024-01-27T18:00:00Z,2024-01-27T23:00:00Z,2:27
1,CHI,United Center,22018,1,2024-03-27T20:00:00Z,2024-03-28T00:00:00Z,2:12
0,MIA,Kaseya Center,19719,1,2024-04-04T19:30:00Z,2024-04-04T23:30:00Z,2:07
0,IND,Gainbridge Fieldhouse,16665,0,2023-12-18T19:00:00Z,2023-12-19T00:00:00Z,2:15
0,CHI,United Center,21579,1,2024-02-03T20:00:00Z,2024-02-04T01:00:00Z,2:14
1,ORL,Kia Center,19587,1,2023-12-29T19:00:00Z,2023-12-30T00:00:00Z,2:31
0,ATL,State Farm Arena,17692,1,2023-10-27T19:30:00Z,2023-10-27T23:30:00Z,2:11
0,SAC,Golden 1 Center,17832,1,2024-01-18T22:00:00Z,2024-01-19T03:00:00Z,2:25
0,HOU,Toyota Center,18055,1,2023-10-29T19:00:00Z,2023-10-29T23:00:00Z,2:17
0,MIN,Target Center,18024,1,2024-03-19T21:00:00Z,2024-03-20T01:00:00Z,2:12
0,POR,Moda Center,17504,0,2024-03-20T22:00:00Z,2024-03-21T02:00:00Z,1:59
1,PHX,Footprint Center,17071,1,2024-01-22T21:00:00Z,2024-01-23T02:00:00Z,2:11
0,CLE,Rocket Mortgage FieldHouse,19432,1,2023-11-25T19:30:00Z,2023-11-26T00:30:00Z,2:13
1,GSW,Chase Center,18064,1,2024-02-10T20:30:00Z,2024-02-11T01:30:00Z,2:25
0,CHI,United Center,20775,0,2023-12-12T20:00:00Z,2023-12-13T01:00:00Z,2:20
0,TOR,Scotiabank Arena,19325,0,2024-04-09T19:00:00Z,2024-04-09T23:00:00Z,2:18
0,SAS,Frost Bank Center,18036,0,2023-11-12T19:00:00Z,2023-11-13T00:00:00Z,2:08
1,BKN,Barclays Center,17086,0,2024-03-05T19:30:00Z,2024-03-06T00:30:00Z,2:20
0,MEM,FedExForum,16381,0,2024-03-02T20:00:00Z,2024-03-03T01:00:00Z,2:38
0,LAL,Crypto.com Arena,18997,1,2024-01-05T22:00:00Z,2024-01-06T03:00:00Z,2:15
0,IND,Gainbridge Fieldhouse,14508,0,2023-11-27T19:00:00Z,2023-11-28T00:00:00Z,2:29
1,PHX,Footprint Center,17071,1,2024-01-21T20:00:00Z,2024-01-22T01:00:00Z,2:18
0,SAS,Frost Bank Center,17408,0,2024-03-22T20:00:00Z,2024-03-23T00:00:00Z,2:20
1,HOU,Toyota Center,18055,1,2024-04-09T20:00:00Z,2024-04-10T00:00:00Z,2:12
0,WAS,Capital One Arena,14080,0,2023-12-13T19:00:00Z,2023-12-14T00:00:00Z,2:08
0,POR,Moda Center,18125,0,2024-02-08T22:00:00Z,2024-02-09T03:00:00Z,2:39
1,HOU,Toyota Center,16734,0,2024-03-05T20:00:00Z,2024-03-06T01:00:00Z,2:08
1,NYK,Madison Square Garden,19812,1,2024-01-03T20:30:00Z,2024-01-04T01:30:00Z,2:13
0,WAS,Capital One Arena,16632,0,2023-11-15T19:00:00Z,2023-11-16T00:00:00Z,2:06
1,ORL,Amway Center,18846,1,2023-11-21T19:00:00Z,2023-11-22T00:00:00Z,2:10
1,DAL,American Airlines Center,20162,1,2024-01-05T20:30:00Z,2024-01-06T01:30:00Z,2:05
1,SAC,Golden 1 Center,17832,1,2024-03-25T22:00:00Z,2024-03-26T02:00:00Z,2:21
1,ATL,State Farm Arena,15658,0,2024-01-28T18:00:00Z,2024-01-28T23:00:00Z,2:20
0,NOP,Smoothie King Center,15536,0,2023-11-18T19:00:00Z,2023-11-19T00:00:00Z,2:21
0,ATL,State Farm Arena,17093,1,2024-02-05T19:30:00Z,2024-02-06T00:30:00Z,2:20
1,MIL,Fiserv Forum,17341,1,2023-12-17T19:00:00Z,2023-12-18T00:00:00Z,2:24
0,MIL,Fiserv Forum,17420,1,2024-04-03T20:00:00Z,2024-04-04T00:00:00Z,2:05
0,ATL,State Farm Arena,17047,1,2024-01-20T19:30:00Z,2024-01-21T00:30:00Z,2:03
0,IND,Gainbridge Fieldhouse,16026,0,2024-02-26T19:00:00Z,2024-02-27T00:00:00Z,2:20
0,IND,Gainbridge Fieldhouse,17274,1,2024-03-18T19:00:00Z,2024-03-18T23:00:00Z,2:17
1,BOS,TD Garden,19156,1,2023-10-27T19:30:00Z,2023-10-27T23:30:00Z,2:20
0,WAS,Capital One Arena,17922,0,2024-01-20T19:00:00Z,2024-01-21T00:00:00Z,2:16
1,NYK,Madison Square Garden,19303,0,2024-02-26T19:30:00Z,2024-02-27T00:30:00Z,2:08
0,LAC,Crypto.com Arena,19370,0,2024-03-17T21:30:00Z,2024-03-18T01:30:00Z,2:09
0,CLE,Rocket Mortgage FieldHouse,19432,1,2023-10-27T19:30:00Z,2023-10-27T23:30:00Z,2:28
0,LAC,Crypto.com Arena,19370,1,2024-03-25T22:30:00Z,2024-03-26T02:30:00Z,2:06
1,IND,Gainbridge Fieldhouse,16519,0,2024-01-28T15:30:00Z,2024-01-28T20:30:00Z,2:15
0,CHA,Spectrum Center,19171,1,2023-11-18T18:00:00Z,2023-11-18T23:00:00Z,2:02
0,BKN,Barclays Center,17919,1,2024-02-05T19:30:00Z,2024-02-06T00:30:00Z,2:22
1,PHX,Footprint Center,17071,1,2023-12-17T20:00:00Z,2023-12-18T01:00:00Z,2:26
1,BKN,Barclays Center,17732,1,2024-04-03T19:30:00Z,2024-04-03T23:30:00Z,2:15
0,TOR,Scotiabank Arena,18864,0,2024-03-05T19:30:00Z,2024-03-06T00:30:00Z,1:60
1,HOU,Toyota Center,16563,0,2024-01-03T20:00:00Z,2024-01-04T01:00:00Z,2:15
0,ATL,State Farm Arena,17060,1,2023-11-15T19:30:00Z,2023-11-16T00:30:00Z,2:17
0,ATL,State Farm Arena,17162,1,2023-11-21T19:30:00Z,2023-11-22T00:30:00Z,2:18
0,NOP,Smoothie King Center,18329,1,2024-01-05T20:00:00Z,2024-01-06T01:00:00Z,1:59
1,PHI,Wells Fargo Center,19907,1,2023-11-27T19:00:00Z,2023-11-28T00:00:00Z,2:10
1,LAL,Crypto.com Arena,18997,1,2024-01-21T22:00:00Z,2024-01-22T03:00:00Z,2:04
1,MIN,Target Center,18024,1,2024-03-22T20:00:00Z,2024-03-23T00:00:00Z,2:02
0,MEM,FedExForum,16108,0,2024-04-09T20:00:00Z,2024-04-10T00:00:00Z,1:55
0,DET,Little Caesars Arena,16749,0,2023-12-13T19:00:00Z,2023-12-14T00:00:00Z,2:10
0,LAL,Crypto.com Arena,18997,1,2024-02-08T22:00:00Z,2024-02-09T03:00:00Z,2:13
0,PHX,Footprint Center,17071,1,2023-11-12T20:00:00Z,2023-11-13T01:00:00Z,2:15
1,CLE,Rocket Mortgage FieldHouse,19432,1,2024-03-05T19:30:00Z,2024-03-06T00:30:00Z,2:11
0,LAL,Crypto.com Arena,18997,1,2024-03-02T20:30:00Z,2024-03-03T01:30:00Z,2:02
1,GSW,Chase Center,18064,1,2024-01-05T22:00:00Z,2024-01-06T03:00:00Z,2:19
1,PHX,Footprint Center,17071,1,2024-03-20T22:00:00Z,2024-03-21T02:00:00Z,2:04
1,SAC,Golden 1 Center,17832,1,2024-01-22T22:00:00Z,2024-01-23T03:00:00Z,2:13
1,UTA,Delta Center,18206,1,2023-11-25T21:30:00Z,2023-11-26T02:30:00Z,2:10
0,TOR,Scotiabank Arena,19800,1,2024-02-10T19:30:00Z,2024-02-11T00:30:00Z,2:03
1,DAL,American Airlines Center,20377,1,2023-12-12T19:30:00Z,2023-12-13T00:30:00Z,2:21
0,ATL,State Farm Arena,17049,1,2024-04-09T19:30:00Z,2024-04-09T23:30:00Z,2:36
1,LAL,Crypto.com Arena,18997,1,2023-12-28T22:30:00Z,2023-12-29T03:30:00Z,2:04
0,MEM,FedExForum,16617,0,2023-10-27T19:00:00Z,2023-10-27T23:00:00Z,2:20
1,MIN,Target Center,18024,1,2024-01-18T22:00:00Z,2024-01-19T03:00:00Z,2:14
0,MIL,Fiserv Forum,17341,1,2023-10-29T19:00:00Z,2023-10-29T23:00:00Z,2:15
0,SAS,Frost Bank Center,18354,1,2024-03-19T20:00:00Z,2024-03-20T00:00:00Z,2:14
0,UTA,Delta Center,18206,1,2023-11-19T20:00:00Z,2023-11-20T01:00:00Z,2:57
1,DEN,Ball Arena,19805,1,2024-01-27T17:30:00Z,2024-01-27T22:30:00Z,2:23
0,MEM,FedExForum,17794,1,2024-03-27T20:00:00Z,2024-03-28T00:00:00Z,2:16
1,PHX,Footprint Center,17071,1,2024-04-03T22:00:00Z,2024-04-04T02:00:00Z,2:12
0,PHI,Wells Fargo Center,19773,1,2023-12-18T19:00:00Z,2023-12-19T00:00:00Z,2:08
0,NYK,Madison Square Garden,19812,1,2024-02-03T20:30:00Z,2024-02-04T01:30:00Z,2:18
1,LAL,Crypto.com Arena,18997,1,2024-01-09T22:30:00Z,2024-01-10T03:30:00Z,2:29
1,IND,Gainbridge Fieldhouse,15129,0,2023-11-06T19:00:00Z,2023-11-07T00:00:00Z,2:12
1,MIN,Target Center,18024,1,2024-02-28T20:00:00Z,2024-02-29T01:00:00Z,2:17
0,POR,Moda Center,17589,0,2024-03-06T22:00:00Z,2024-03-07T03:00:00Z,2:24
1,HOU,Toyota Center,18055,1,2024-01-01T20:00:00Z,2024-01-02T01:00:00Z,2:06
1,MIA,Kaseya Center,19660,1,2023-11-03T20:00:00Z,2023-11-04T00:00:00Z,2:09
1,LAC,Crypto.com Arena,19370,1,2023-12-02T16:00:00Z,2023-12-02T21:00:00Z,2:21
1,TOR,Scotiabank Arena,19800,1,2024-02-22T19:00:00Z,2024-02-23T00:00:00Z,2:13
0,LAC,Crypto.com Arena,19370,1,2024-04-12T22:30:00Z,2024-04-13T02:30:00Z,2:07
0,POR,Moda Center,18898,0,2024-02-23T22:00:00Z,2024-02-24T03:00:00Z,2:08
1,LAL,Crypto.com Arena,18997,1,2023-10-30T22:30:00Z,2023-10-31T02:30:00Z,2:19
1,SAS,Frost Bank Center,18073,0,2024-01-12T20:00:00Z,2024-01-13T01:00:00Z,2:21
1,BKN,Barclays Center,15844,0,2023-11-28T19:30:00Z,2023-11-29T00:30:00Z,2:11
1,MIA,Kaseya Center,20162,1,2023-12-25T20:00:00Z,2023-12-26T01:00:00Z,2:23
1,HOU,Toyota Center,18055,1,2024-03-14T20:00:00Z,2024-03-15T00:00:00Z,2:05
1,LAC,Crypto.com Arena,16365,0,2023-12-06T22:00:00Z,2023-12-07T03:00:00Z,2:13
0,MEM,FedExForum,15505,0,2024-02-01T20:00:00Z,2024-02-02T01:00:00Z,2:14
1,MIA,Kaseya Center,19857,1,2024-04-02T19:30:00Z,2024-04-02T23:30:00Z,2:16
0,CHA,Spectrum Center,15941,0,2024-03-31T18:00:00Z,2024-03-31T22:00:00Z,2:13
1,POR,Moda Center,17128,0,2024-01-29T22:00:00Z,2024-01-30T03:00:00Z,2:12
0,NOP,Smoothie King Center,17399,1,2023-12-23T19:00:00Z,2023-12-24T00:00:00Z,2:27
0,LAL,Crypto.com Arena,18997,1,2023-11-22T22:30:00Z,2023-11-23T03:30:00Z,2:12
0,NYK,Madison Square Garden,19812,1,2024-01-15T15:00:00Z,2024-01-15T20:00:00Z,2:16
1,MIL,Fiserv Forum,17341,1,2023-10-30T20:00:00Z,2023-10-31T00:00:00Z,2:24
0,ATL,State Farm Arena,17625,1,2024-02-23T19:30:00Z,2024-02-24T00:30:00Z,2:09
1,LAL,Crypto.com Arena,18664,0,2023-12-05T22:00:00Z,2023-12-06T03:00:00Z,2:28
0,OKC,Paycom Center,17118,0,2024-03-12T20:00:00Z,2024-03-13T00:00:00Z,2:05
0,SAS,Frost Bank Center,18579,1,2023-12-26T20:00:00Z,2023-12-27T01:00:00Z,2:16
1,LAL,Crypto.com Arena,18997,1,2023-11-21T22:00:00Z,2023-11-22T03:00:00Z,2:10
0,TOR,Scotiabank Arena,19114,0,2024-03-31T18:00:00Z,2024-03-31T22:00:00Z,2:09
0,IND,Gainbridge Fieldhouse,17274,1,2024-02-02T19:30:00Z,2024-02-03T00:30:00Z,2:18
1,MIA,Kaseya Center,20029,1,2023-12-22T20:00:00Z,2023-12-23T01:00:00Z,2:19
1,SAS,Frost Bank Center,18392,1,2024-02-29T20:30:00Z,2024-03-01T01:30:00Z,2:10
1,MIA,Kaseya Center,19725,1,2023-11-06T19:30:00Z,2023-11-07T00:30:00Z,2:11
0,SAC,Golden 1 Center,17832,1,2024-01-07T18:00:00Z,2024-01-07T23:00:00Z,1:56
0,PHX,Footprint Center,17071,0,2023-11-10T22:00:00Z,2023-11-11T03:00:00Z,2:33
0,WAS,Capital One Arena,17042,0,2023-12-31T15:00:00Z,2023-12-31T20:00:00Z,2:18
0,POR,Moda Center,18139,0,2024-03-08T22:00:00Z,2024-03-09T03:00:00Z,2:06
0,ATL,State Farm Arena,17531,1,2023-12-11T19:30:00Z,2023-12-12T00:30:00Z,2:26
1,HOU,Toyota Center,16537,0,2024-03-25T20:00:00Z,2024-03-26T00:00:00Z,2:10
1,PHI,Wells Fargo Center,20246,1,2024-04-14T13:00:00Z,2024-04-14T17:00:00Z,2:00
0,BKN,Barclays Center,17732,1,2024-01-25T19:30:00Z,2024-01-26T00:30:00Z,2:16
0,PHX,Footprint Center,17071,1,2023-12-01T22:00:00Z,2023-12-02T03:00:00Z,2:21
1,MEM,FedExForum,15012,0,2024-02-14T20:00:00Z,2024-02-15T01:00:00Z,2:23
0,SAS,Frost Bank Center,18074,0,2023-12-08T20:30:00Z,2023-12-09T01:30:00Z,2:13
0,CHA,Spectrum Center,18613,0,2024-03-15T19:00:00Z,2024-03-15T23:00:00Z,2:07
1,BOS,TD Garden,19156,1,2023-12-29T19:30:00Z,2023-12-30T00:30:00Z,2:18
0,GSW,Chase Center,18064,1,2023-10-24T22:00:00Z,2023-10-25T02:00:00Z,2:32
1,HOU,Toyota Center,16618,0,2024-01-20T20:00:00Z,2024-01-21T01:00:00Z,2:42
1,LAL,Crypto.com Arena,18338,0,2024-01-17T20:30:00Z,2024-01-18T01:30:00Z,2:17
1,LAL,Crypto.com Arena,18997,1,2023-11-01T22:00:00Z,2023-11-02T02:00:00Z,2:46
0,GSW,Chase Center,18064,1,2024-02-25T19:00:00Z,2024-02-26T00:00:00Z,2:21
1,LAL,Crypto.com Arena,18997,1,2024-03-22T22:30:00Z,2024-03-23T02:30:00Z,2:19
0,TOR,Scotiabank Arena,18577,0,2024-01-22T19:30:00Z,2024-01-23T00:30:00Z,2:06
1,ORL,Amway Center,17109,0,2023-11-29T19:00:00Z,2023-11-30T00:00:00Z,2:13
0,UTA,Delta Center,18206,1,2023-11-17T22:00:00Z,2023-11-18T03:00:00Z,2:28
1,CLE,Rocket Mortgage FieldHouse,19432,1,2024-01-03T19:00:00Z,2024-01-04T00:00:00Z,1:57
0,SAS,Frost Bank Center,18354,1,2024-03-11T20:00:00Z,2024-03-12T00:00:00Z,2:05
0,MIN,Target Center,18024,1,2024-03-03T15:30:00Z,2024-03-03T20:30:00Z,2:13
1,SAC,Golden 1 Center,17829,1,2023-11-08T22:00:00Z,2023-11-09T03:00:00Z,2:49
1,IND,Gainbridge Fieldhouse,15721,0,2024-01-10T19:00:00Z,2024-01-11T00:00:00Z,2:17
0,PHX,Footprint Center,17071,1,2024-03-09T20:30:00Z,2024-03-10T01:30:00Z,2:12
0,PHX,Footprint Center,17071,1,2024-01-03T21:00:00Z,2024-01-04T02:00:00Z,2:27
1,TOR,Scotiabank Arena,19800,1,2023-11-13T19:30:00Z,2023-11-14T00:30:00Z,2:14
1,UTA,Delta Center,18206,1,2023-11-14T21:00:00Z,2023-11-15T02:00:00Z,2:03
0,CHI,United Center,21153,1,2024-01-12T20:00:00Z,2024-01-13T01:00:00Z,2:19
1,MIN,Target Center,18024,1,2023-11-08T20:00:00Z,2023-11-09T01:00:00Z,2:07
1,LAC,Crypto.com Arena,19370,1,2024-03-01T22:30:00Z,2024-03-02T03:30:00Z,2:07
0,DEN,Ball Arena,19827,1,2024-03-27T22:00:00Z,2024-03-28T02:00:00Z,2:18
1,MIL,Fiserv Forum,17940,1,2024-01-27T20:00:00Z,2024-01-28T01:00:00Z,2:14
0,DET,Little Caesars Arena,19403,0,2023-11-20T19:00:00Z,2023-11-21T00:00:00Z,2:16
1,LAC,Crypto.com Arena,19370,1,2023-10-25T22:30:00Z,2023-10-26T02:30:00Z,2:10
1,NOP,Smoothie King Center,17753,1,2023-12-28T20:00:00Z,2023-12-29T01:00:00Z,2:08
0,DET,Little Caesars Arena,20004,0,2024-03-17T15:00:00Z,2024-03-17T19:00:00Z,2:04
1,CLE,Rocket Mortgage FieldHouse,19432,1,2024-02-27T19:00:00Z,2024-02-28T00:00:00Z,2:05
1,BOS,TD Garden,19156,1,2024-03-20T19:30:00Z,2024-03-20T23:30:00Z,2:24
0,PHX,Footprint Center,17071,1,2023-11-02T22:00:00Z,2023-11-03T02:00:00Z,2:17
1,CLE,Rocket Mortgage FieldHouse,19432,1,2024-01-15T19:00:00Z,2024-01-16T00:00:00Z,2:10
1,LAL,Crypto.com Arena,18997,1,2024-02-13T22:30:00Z,2024-02-14T03:30:00Z,2:07
0,CHA,Spectrum Center,16080,0,2023-12-15T19:00:00Z,2023-12-16T00:00:00Z,2:15
0,BOS,TD Garden,19156,1,2024-04-11T19:30:00Z,2024-04-11T23:30:00Z,2:05
1,WAS,Capital One Arena,15746,0,2024-03-23T20:00:00Z,2024-03-24T00:00:00Z,2:21
1,IND,Gainbridge Fieldhouse,17274,1,2024-04-14T13:00:00Z,2024-04-14T17:00:00Z,2:04
1,LAL,Crypto.com Arena,18997,1,2024-01-25T22:30:00Z,2024-01-26T03:30:00Z,2:15
1,DEN,Ball Arena,19590,1,2023-11-29T21:00:00Z,2023-11-30T02:00:00Z,2:07
1,OKC,Paycom Center,18203,1,2024-02-22T20:00:00Z,2024-02-23T01:00:00Z,2:01
0,CHA,Spectrum Center,18463,0,2024-02-29T19:00:00Z,2024-03-01T00:00:00Z,2:10
1,DEN,Ball Arena,19639,1,2024-04-06T21:00:00Z,2024-04-07T01:00:00Z,0:00
0,HOU,Toyota Center,18055,1,2023-12-20T20:00:00Z,2023-12-21T01:00:00Z,2:17
1,MIA,Kaseya Center,19600,1,2024-02-06T19:30:00Z,2024-02-07T00:30:00Z,2:08
1,OKC,Paycom Center,18203,0,2023-11-22T20:00:00Z,2023-11-23T01:00:00Z,2:14
0,OKC,Paycom Center,16870,0,2024-01-29T20:00:00Z,2024-01-30T01:00:00Z,2:10
1,ORL,Kia Center,18009,0,2024-03-30T19:00:00Z,2024-03-30T23:00:00Z,2:06
1,BKN,Barclays Center,16587,0,2023-12-08T19:30:00Z,2023-12-09T00:30:00Z,2:10
1,CHI,United Center,21420,1,2023-12-26T20:00:00Z,2023-12-27T01:00:00Z,2:15
1,MIN,Target Center,18024,1,2023-11-28T20:00:00Z,2023-11-29T01:00:00Z,2:21
0,MEM,FedExForum,16285,0,2024-02-08T20:00:00Z,2024-02-09T01:00:00Z,2:14
1,PHI,Wells Fargo Center,20365,1,2023-12-20T19:00:00Z,2023-12-21T00:00:00Z,2:24
1,LAC,Crypto.com Arena,19370,1,2024-04-05T22:30:00Z,2024-04-06T02:30:00Z,2:04
1,IND,Gainbridge Fieldhouse,17274,1,2024-03-29T19:00:00Z,2024-03-29T23:00:00Z,2:06
0,CHI,United Center,21259,1,2024-01-30T20:00:00Z,2024-01-31T01:00:00Z,2:16
0,NYK,Madison Square Garden,19812,1,2023-12-23T12:30:00Z,2023-12-23T17:30:00Z,2:11
1,NOP,Smoothie King Center,16004,0,2023-11-20T20:00:00Z,2023-11-21T01:00:00Z,2:10
0,MIN,Target Center,18024,1,2024-02-23T22:00:00Z,2024-02-24T03:00:00Z,2:18
1,PHI,Wells Fargo Center,20149,1,2024-04-12T19:00:00Z,2024-04-12T23:00:00Z,2:21
0,TOR,Scotiabank Arena,19800,1,2023-12-15T19:30:00Z,2023-12-16T00:30:00Z,2:04
1,OKC,Paycom Center,17092,0,2024-02-11T15:00:00Z,2024-02-11T20:00:00Z,2:12
1,BOS,TD Garden,19156,1,2023-12-01T19:30:00Z,2023-12-02T00:30:00Z,2:26
0,DAL,American Airlines Center,20202,1,2024-01-24T20:30:00Z,2024-01-25T01:30:00Z,2:22
1,ATL,State Farm Arena,17405,1,2024-03-25T19:30:00Z,2024-03-25T23:30:00Z,2:11
0,MEM,FedExForum,17794,1,2023-12-31T20:00:00Z,2024-01-01T01:00:00Z,2:06
0,PHI,Wells Fargo Center,19774,1,2023-11-14T19:00:00Z,2023-11-15T00:00:00Z,2:37
1,LAL,Crypto.com Arena,18997,1,2023-12-02T22:30:00Z,2023-12-03T03:30:00Z,2:17
1,NOP,Smoothie King Center,18316,1,2024-02-14T20:00:00Z,2024-02-15T01:00:00Z,2:30
0,NOP,Smoothie King Center,18633,1,2024-04-14T15:30:00Z,2024-04-14T19:30:00Z,2:17
0,CHA,Spectrum Center,14267,0,2023-11-08T19:00:00Z,2023-11-09T00:00:00Z,2:16
1,IND,Gainbridge Fieldhouse,16009,0,2024-01-08T19:00:00Z,2024-01-09T00:00:00Z,2:25
1,PHX,Footprint Center,17071,1,2024-02-29T21:00:00Z,2024-03-01T02:00:00Z,2:26
1,CLE,Rocket Mortgage FieldHouse,19432,1,2024-03-08T19:30:00Z,2024-03-09T00:30:00Z,2:49
0,MEM,FedExForum,16977,0,2023-11-10T20:00:00Z,2023-11-11T01:00:00Z,2:22
1,CHI,United Center,21648,1,2023-12-30T20:00:00Z,2023-12-31T01:00:00Z,2:09
0,SAS,Frost Bank Center,17207,0,2024-02-02T20:00:00Z,2024-02-03T01:00:00Z,2:13
0,CHA,Spectrum Center,19238,1,2024-04-01T19:00:00Z,2024-04-01T23:00:00Z,1:54
1,MIA,Kaseya Center,19839,1,2024-03-29T20:00:00Z,2024-03-30T00:00:00Z,1:57
0,CLE,Rocket Mortgage FieldHouse,19432,1,2023-11-22T19:30:00Z,2023-11-23T00:30:00Z,2:10
0,HOU,Toyota Center,18055,1,2024-01-31T20:00:00Z,2024-02-01T01:00:00Z,2:14
0,BKN,Barclays Center,17732,1,2023-12-22T19:30:00Z,2023-12-23T00:30:00Z,2:17
1,SAC,Golden 1 Center,18153,1,2024-02-22T22:00:00Z,2024-02-23T03:00:00Z,2:03
1,DEN,Ball Arena,19631,1,2024-01-14T15:30:00Z,2024-01-14T20:30:00Z,2:16
1,SAC,Golden 1 Center,18198,1,2023-10-29T21:00:00Z,2023-10-30T01:00:00Z,2:38
0,ORL,Kia Center,19179,1,2023-12-27T19:00:00Z,2023-12-28T00:00:00Z,2:15
1,NYK,Madison Square Garden,19812,1,2023-11-24T19:30:00Z,2023-11-25T00:30:00Z,2:19
0,SAC,Golden 1 Center,18048,1,2023-12-04T22:00:00Z,2023-12-05T03:00:00Z,2:24
1,DET,Little Caesars Arena,19313,0,2024-03-13T19:00:00Z,2024-03-13T23:00:00Z,2:19
0,CHI,United Center,21114,1,2024-04-01T20:00:00Z,2024-04-02T00:00:00Z,2:07
1,MIN,Target Center,18024,1,2024-01-31T20:00:00Z,2024-02-01T01:00:00Z,2:12
0,TOR,Scotiabank Arena,19420,0,2023-12-23T19:30:00Z,2023-12-24T00:30:00Z,2:07
1,TOR,Scotiabank Arena,19800,1,2023-11-01T19:00:00Z,2023-11-01T23:00:00Z,2:20
1,OKC,Paycom Center,18203,1,2024-01-13T20:00:00Z,2024-01-14T01:00:00Z,2:10
1,MIN,Target Center,18024,1,2024-02-24T21:00:00Z,2024-02-25T02:00:00Z,2:21
0,MEM,FedExForum,16717,0,2024-03-13T20:00:00Z,2024-03-14T00:00:00Z,2:05
1,HOU,Toyota Center,16291,0,2023-12-06T20:00:00Z,2023-12-07T01:00:00Z,2:11
1,BOS,TD Garden,19156,1,2023-11-28T19:30:00Z,2023-11-29T00:30:00Z,2:01
0,LAL,Crypto.com Arena,18997,1,2023-12-25T17:00:00Z,2023-12-25T22:00:00Z,2:17
0,DAL,American Airlines Center,20277,1,2023-12-02T21:00:00Z,2023-12-03T02:00:00Z,2:22
0,POR,Moda Center,18630,0,2024-04-12T22:00:00Z,2024-04-13T02:00:00Z,2:08
1,MIA,Kaseya Center,19645,1,2024-03-24T18:00:00Z,2024-03-24T22:00:00Z,2:07
1,NYK,Madison Square Garden,19812,1,2023-11-30T19:30:00Z,2023-12-01T00:30:00Z,2:18
0,CLE,Rocket Mortgage FieldHouse,19432,1,2024-02-22T19:00:00Z,2024-02-23T00:00:00Z,2:15
1,MEM,FedExForum,16823,0,2024-01-26T20:00:00Z,2024-01-27T01:00:00Z,2:16
0,POR,Moda Center,18143,0,2024-02-27T22:00:00Z,2024-02-28T03:00:00Z,2:14
1,LAC,Crypto.com Arena,19370,1,2024-01-08T22:30:00Z,2024-01-09T03:30:00Z,2:11
0,SAS,Frost Bank Center,18354,1,2023-11-05T15:30:00Z,2023-11-05T20:30:00Z,2:36
0,MIL,Fiserv Forum,17922,1,2024-01-01T20:00:00Z,2024-01-02T01:00:00Z,2:22
0,CHI,United Center,20645,0,2023-11-03T20:00:00Z,2023-11-04T00:00:00Z,2:03
0,GSW,Chase Center,18064,1,2024-03-07T22:00:00Z,2024-03-08T03:00:00Z,2:17
0,PHI,Wells Fargo Center,21022,1,2024-03-27T19:30:00Z,2024-03-27T23:30:00Z,2:24
0,MEM,FedExForum,17798,1,2023-11-19T20:00:00Z,2023-11-20T01:00:00Z,2:10
1,NYK,Madison Square Garden,19812,1,2024-01-27T15:00:00Z,2024-01-27T20:00:00Z,2:23
1,DEN,Ball Arena,19659,1,2023-12-18T21:00:00Z,2023-12-19T02:00:00Z,2:04
1,BOS,TD Garden,19156,1,2024-02-04T18:00:00Z,2024-02-04T23:00:00Z,1:57
0,WAS,Capital One Arena,18079,0,2024-04-05T19:00:00Z,2024-04-05T23:00:00Z,2:14
0,ORL,Kia Center,19063,1,2024-01-19T19:00:00Z,2024-01-20T00:00:00Z,2:17
0,BKN,Barclays Center,17732,1,2024-03-19T19:30:00Z,2024-03-19T23:30:00Z,2:05
0,CHI,United Center,21089,1,2024-02-27T20:00:00Z,2024-02-28T01:00:00Z,2:05
1,NOP,Smoothie King Center,16331,0,2023-10-28T19:00:00Z,2023-10-28T23:00:00Z,2:09
0,IND,Gainbridge Fieldhouse,16004,0,2024-01-23T19:00:00Z,2024-01-24T00:00:00Z,2:16
1,LAC,Crypto.com Arena,19370,1,2023-11-25T22:30:00Z,2023-11-26T03:30:00Z,2:09
1,WAS,Capital One Arena,14495,0,2024-03-21T19:00:00Z,2024-03-21T23:00:00Z,2:13
0,SAS,Frost Bank Center,18046,0,2024-04-07T19:00:00Z,2024-04-07T23:00:00Z,2:52
1,CHA,Spectrum Center,17259,0,2024-02-10T19:00:00Z,2024-02-11T00:00:00Z,1:56
1,NOP,Smoothie King Center,16487,0,2023-12-11T20:00:00Z,2023-12-12T01:00:00Z,2:20
1,MIN,Target Center,18024,1,2024-03-04T20:00:00Z,2024-03-05T01:00:00Z,2:17
0,WAS,Capital One Arena,16886,0,2023-11-17T19:00:00Z,2023-11-18T00:00:00Z,2:18
0,GSW,Chase Center,18064,1,2024-01-04T22:00:00Z,2024-01-05T03:00:00Z,2:23
1,HOU,Toyota Center,18055,1,2023-11-12T19:00:00Z,2023-11-13T00:00:00Z,2:10
1,CLE,Rocket Mortgage FieldHouse,19432,1,2024-01-07T13:00:00Z,2024-01-07T18:00:00Z,2:18
0,MIA,Kaseya Center,19727,1,2024-03-22T20:00:00Z,2024-03-23T00:00:00Z,1:57
1,DEN,Ball Arena,19665,1,2023-11-26T20:00:00Z,2023-11-27T01:00:00Z,2:19
0,WAS,Capital One Arena,17107,0,2024-01-21T18:00:00Z,2024-01-21T23:00:00Z,2:09
0,PHX,Footprint Center,17071,1,2023-12-13T21:00:00Z,2023-12-14T02:00:00Z,2:20
1,LAL,Crypto.com Arena,18997,1,2024-02-09T22:30:00Z,2024-02-10T03:30:00Z,2:14
0,PHX,Footprint Center,17071,1,2024-04-09T22:00:00Z,2024-04-10T02:00:00Z,2:11
0,PHI,Wells Fargo Center,19773,1,2023-11-15T19:30:00Z,2023-11-16T00:30:00Z,2:09
0,HOU,Toyota Center,17033,0,2024-03-06T19:30:00Z,2024-03-07T00:30:00Z,2:20
0,PHX,Footprint Center,17071,1,2024-03-03T21:30:00Z,2024-03-04T02:30:00Z,2:20
1,BKN,Barclays Center,18147,1,2024-01-05T19:30:00Z,2024-01-06T00:30:00Z,2:22
1,ORL,Kia Center,18823,0,2024-01-28T18:00:00Z,2024-01-28T23:00:00Z,2:24
1,MIL,Fiserv Forum,18128,1,2023-11-18T20:00:00Z,2023-11-19T01:00:00Z,2:07
0,MIA,Kaseya Center,19813,1,2024-03-26T19:30:00Z,2024-03-26T23:30:00Z,2:10
1,SAC,Golden 1 Center,17832,1,2024-04-02T22:00:00Z,2024-04-03T02:00:00Z,2:12
1,OKC,Paycom Center,17059,0,2024-02-04T19:00:00Z,2024-02-05T00:00:00Z,2:33
0,DEN,Ball Arena,19611,1,2023-12-16T21:00:00Z,2023-12-17T02:00:00Z,2:18
0,PHX,Footprint Center,17071,1,2023-12-08T21:00:00Z,2023-12-09T02:00:00Z,2:15
1,TOR,Scotiabank Arena,19800,1,2023-10-25T19:30:00Z,2023-10-25T23:30:00Z,2:10
0,CHA,Spectrum Center,18261,0,2024-01-20T19:00:00Z,2024-01-21T00:00:00Z,2:10
1,UTA,Delta Center,18206,1,2023-12-30T17:00:00Z,2023-12-30T22:00:00Z,2:19
0,POR,Moda Center,19464,1,2023-10-27T22:00:00Z,2023-10-28T02:00:00Z,2:19
1,PHI,Wells Fargo Center,19782,1,2024-03-18T19:30:00Z,2024-03-18T23:30:00Z,2:18
1,PHI,Wells Fargo Center,19788,1,2024-03-01T19:00:00Z,2024-03-02T00:00:00Z,2:11
1,MIA,Kaseya Center,19815,1,2023-12-16T20:00:00Z,2023-12-17T01:00:00Z,2:09
1,MIL,Fiserv Forum,17444,1,2024-02-12T20:00:00Z,2024-02-13T01:00:00Z,2:05
1,MIA,Kaseya Center,19600,1,2024-04-12T20:00:00Z,2024-04-13T00:00:00Z,2:08
0,LAC,Crypto.com Arena,19370,1,2024-04-14T15:30:00Z,2024-04-14T19:30:00Z,1:55
1,CLE,Rocket Mortgage FieldHouse,19432,1,2024-03-25T19:00:00Z,2024-03-25T23:00:00Z,2:04
0,SAS,Frost Bank Center,17646,0,2023-11-30T20:00:00Z,2023-12-01T01:00:00Z,2:18
0,UTA,Delta Center,18206,1,2024-02-14T21:00:00Z,2024-02-15T02:00:00Z,2:06
0,SAS,Frost Bank Center,18130,0,2024-01-24T21:30:00Z,2024-01-25T02:30:00Z,2:14
0,WAS,Capital One Arena,15568,0,2023-12-06T19:00:00Z,2023-12-07T00:00:00Z,2:07
1,MIL,Fiserv Forum,17880,1,2023-11-24T20:00:00Z,2023-11-25T01:00:00Z,2:20
1,OKC,Paycom Center,18203,1,2023-12-27T20:00:00Z,2023-12-28T01:00:00Z,2:15
1,MEM,FedExForum,16745,0,2024-04-05T20:00:00Z,2024-04-06T00:00:00Z,2:01
1,MIA,Kaseya Center,19652,1,2024-02-07T19:30:00Z,2024-02-08T00:30:00Z,2:09
0,NOP,Smoothie King Center,18355,1,2023-12-19T19:30:00Z,2023-12-20T00:30:00Z,2:26
1,CLE,Rocket Mortgage FieldHouse,19432,1,2024-01-31T19:00:00Z,2024-02-01T00:00:00Z,2:13
1,CHA,Spectrum Center,16432,0,2023-11-22T19:00:00Z,2023-11-23T00:00:00Z,2:13
0,ORL,Kia Center,19452,1,2024-03-29T19:00:00Z,2024-03-29T23:00:00Z,2:11
1,IND,Gainbridge Fieldhouse,17274,1,2024-02-25T17:00:00Z,2024-02-25T22:00:00Z,2:05
1,CHI,United Center,20697,0,2023-12-21T20:00:00Z,2023-12-22T01:00:00Z,2:02
0,CHA,Spectrum Center,11720,0,2024-02-07T19:00:00Z,2024-02-08T00:00:00Z,2:13
1,TOR,Scotiabank Arena,19502,0,2024-04-07T18:00:00Z,2024-04-07T22:00:00Z,2:24
0,UTA,Delta Center,18206,1,2024-03-29T21:30:00Z,2024-03-30T01:30:00Z,2:12
1,NOP,Smoothie King Center,16012,0,2023-11-22T20:00:00Z,2023-11-23T01:00:00Z,2:27
0,MEM,FedExForum,15333,0,2024-01-29T20:00:00Z,2024-01-30T01:00:00Z,2:01
1,GSW,Chase Center,18064,1,2023-12-23T20:30:00Z,2023-12-24T01:30:00Z,2:09
0,DET,Little Caesars Arena,18902,0,2023-11-10T19:00:00Z,2023-11-11T00:00:00Z,2:19
1,LAC,Crypto.com Arena,19370,1,2024-01-01T22:30:00Z,2024-01-02T03:30:00Z,2:10
1,BKN,Barclays Center,17732,1,2024-04-10T19:30:00Z,2024-04-10T23:30:00Z,2:20
0,BKN,Barclays Center,18053,1,2024-02-13T19:30:00Z,2024-02-14T00:30:00Z,2:14
0,DAL,American Airlines Center,20177,1,2023-12-14T20:30:00Z,2023-12-15T01:30:00Z,2:12
0,ATL,State Farm Arena,16149,0,2024-01-26T19:00:00Z,2024-01-27T00:00:00Z,2:24
0,SAC,Golden 1 Center,17829,1,2023-11-29T22:00:00Z,2023-11-30T03:00:00Z,2:18
0,SAS,Frost Bank Center,18354,1,2024-03-23T20:00:00Z,2024-03-24T00:00:00Z,1:59
1,NOP,Smoothie King Center,17725,1,2024-03-16T19:00:00Z,2024-03-16T23:00:00Z,2:09
0,SAS,Frost Bank Center,18947,1,2023-10-25T21:30:00Z,2023-10-26T01:30:00Z,2:20
1,GSW,Chase Center,18064,1,2024-04-02T22:00:00Z,2024-04-03T02:00:00Z,2:20
1,MIN,Target Center,18024,1,2023-12-28T20:00:00Z,2023-12-29T01:00:00Z,2:24
0,BKN,Barclays Center,17983,1,2023-11-04T20:00:00Z,2023-11-05T00:00:00Z,2:11
1,PHI,Wells Fargo Center,19775,1,2024-01-16T19:30:00Z,2024-01-17T00:30:00Z,2:28
1,ATL,State Farm Arena,17129,1,2024-02-27T19:30:00Z,2024-02-28T00:30:00Z,2:05
1,UTA,Delta Center,18206,1,2024-01-03T21:00:00Z,2024-01-04T02:00:00Z,2:43
1,DEN,Ball Arena,19661,1,2023-11-14T22:00:00Z,2023-11-15T03:00:00Z,2:30
0,NYK,Madison Square Garden,19812,1,2024-03-10T19:00:00Z,2024-03-10T23:00:00Z,2:19
0,MIN,Target Center,18024,1,2024-03-01T20:00:00Z,2024-03-02T01:00:00Z,2:37
0,LAL,Crypto.com Arena,18416,0,2024-01-11T22:00:00Z,2024-01-12T03:00:00Z,2:19
1,NYK,Madison Square Garden,19812,1,2023-11-08T19:30:00Z,2023-11-09T00:30:00Z,2:12
1,DEN,Ball Arena,19811,1,2024-03-21T21:00:00Z,2024-03-22T01:00:00Z,2:13
1,ORL,Amway Center,18846,1,2023-11-26T18:00:00Z,2023-11-26T23:00:00Z,2:16
1,LAC,Crypto.com Arena,19370,1,2024-01-23T22:00:00Z,2024-01-24T03:00:00Z,2:11
1,OKC,Paycom Center,18203,1,2024-03-10T19:00:00Z,2024-03-10T23:00:00Z,2:02
0,SAS,Frost Bank Center,18354,1,2023-11-17T19:30:00Z,2023-11-18T00:30:00Z,2:21
1,OKC,Paycom Center,18203,1,2024-01-02T20:00:00Z,2024-01-03T01:00:00Z,2:18
0,LAL,Crypto.com Arena,18687,0,2023-11-15T22:00:00Z,2023-11-16T03:00:00Z,2:13
1,NYK,Madison Square Garden,19812,1,2023-11-12T12:00:00Z,2023-11-12T17:00:00Z,2:10
1,CLE,Accor Arena,15887,1,2024-01-11T14:00:00Z,2024-01-11T19:00:00Z,2:31
1,ORL,Kia Center,19459,1,2024-03-03T18:00:00Z,2024-03-03T23:00:00Z,2:11
0,DEN,Ball Arena,19808,1,2023-12-29T21:00:00Z,2023-12-30T02:00:00Z,2:05
0,NYK,Madison Square Garden,19812,1,2023-10-25T19:00:00Z,2023-10-25T23:00:00Z,2:40
0,DEN,Ball Arena,19544,1,2023-12-08T21:00:00Z,2023-12-09T02:00:00Z,2:28
1,UTA,Delta Center,18206,0,2024-03-15T21:30:00Z,2024-03-16T01:30:00Z,2:12
1,SAC,Golden 1 Center,17832,1,2024-03-18T22:00:00Z,2024-03-19T02:00:00Z,2:43
0,NOP,Smoothie King Center,18684,1,2024-02-25T19:00:00Z,2024-02-26T00:00:00Z,2:06
1,ATL,State Farm Arena,14541,0,2024-01-17T19:30:00Z,2024-01-18T00:30:00Z,2:14
0,NYK,Madison Square Garden,19812,1,2023-11-01T19:30:00Z,2023-11-01T23:30:00Z,2:22
1,CHA,Spectrum Center,15303,0,2024-03-27T19:00:00Z,2024-03-27T23:00:00Z,2:10
0,IND,Gainbridge Fieldhouse,17276,1,2023-11-19T17:00:00Z,2023-11-19T22:00:00Z,2:27
1,BOS,TD Garden,19156,1,2024-01-29T19:30:00Z,2024-01-30T00:30:00Z,2:08
0,ORL,Kia Center,19210,1,2024-03-27T19:00:00Z,2024-03-27T23:00:00Z,2:11
0,BKN,Barclays Center,17934,1,2023-11-19T15:00:00Z,2023-11-19T20:00:00Z,2:07
1,CLE,Rocket Mortgage FieldHouse,19432,1,2024-01-29T19:00:00Z,2024-01-30T00:00:00Z,2:18
0,HOU,Toyota Center,18055,1,2023-12-29T20:00:00Z,2023-12-30T01:00:00Z,2:18
1,IND,Gainbridge Fieldhouse,16004,0,2023-10-25T19:00:00Z,2023-10-25T23:00:00Z,2:07
0,UTA,Delta Center,18206,1,2023-12-08T22:00:00Z,2023-12-09T03:00:00Z,2:21
1,HOU,Toyota Center,18055,1,2024-03-16T17:00:00Z,2024-03-16T21:00:00Z,2:02
0,GSW,Chase Center,18064,1,2024-03-18T22:00:00Z,2024-03-19T02:00:00Z,2:18
0,HOU,Toyota Center,18055,1,2024-02-25T19:00:00Z,2024-02-26T00:00:00Z,2:11
1,BOS,TD Garden,19156,1,2024-01-17T19:30:00Z,2024-01-18T00:30:00Z,2:00
0,OKC,Paycom Center,15764,0,2023-11-01T19:30:00Z,2023-11-01T23:30:00Z,2:32
0,CLE,Rocket Mortgage FieldHouse,19432,1,2024-03-10T19:00:00Z,2024-03-10T23:00:00Z,2:05
0,CHI,United Center,20235,0,2023-11-17T20:00:00Z,2023-11-18T01:00:00Z,2:17
1,GSW,Chase Center,18064,1,2024-01-02T22:00:00Z,2024-01-03T03:00:00Z,2:28
0,POR,Moda Center,18137,0,2023-11-15T22:00:00Z,2023-11-16T03:00:00Z,2:10
0,GSW,Chase Center,18064,1,2023-11-11T20:30:00Z,2023-11-12T01:30:00Z,2:48
1,LAC,Crypto.com Arena,19370,1,2024-01-10T22:30:00Z,2024-01-11T03:30:00Z,2:07
1,TOR,Scotiabank Arena,19512,0,2024-03-03T18:00:00Z,2024-03-03T23:00:00Z,2:14
1,DAL,American Airlines Center,20277,1,2024-03-21T20:30:00Z,2024-03-22T00:30:00Z,2:19
0,MEM,FedExForum,15764,0,2023-11-26T18:00:00Z,2023-11-26T23:00:00Z,2:16
1,DET,Little Caesars Arena,15020,0,2024-01-24T19:00:00Z,2024-01-25T00:00:00Z,2:10
0,LAL,Crypto.com Arena,18997,1,2024-01-03T22:00:00Z,2024-01-04T03:00:00Z,2:14
0,GSW,Chase Center,18064,1,2023-11-14T22:00:00Z,2023-11-15T03:00:00Z,2:26
0,MIA,Kaseya Center,19730,1,2024-03-10T18:00:00Z,2024-03-10T22:00:00Z,2:13
1,NOP,Smoothie King Center,17898,1,2024-03-01T20:00:00Z,2024-03-02T01:00:00Z,2:10
1,DAL,American Airlines Center,20040,1,2024-01-11T20:30:00Z,2024-01-12T01:30:00Z,2:24
1,BKN,Barclays Center,17933,1,2023-11-08T19:30:00Z,2023-11-09T00:30:00Z,2:03
1,CHI,United Center,21697,1,2024-03-16T20:00:00Z,2024-03-17T00:00:00Z,2:17
0,UTA,Delta Center,18206,1,2023-10-25T21:00:00Z,2023-10-26T01:00:00Z,2:19
0,NOP,Smoothie King Center,18686,1,2024-01-19T20:00:00Z,2024-01-20T01:00:00Z,2:08
0,CHI,United Center,21568,1,2023-12-28T20:00:00Z,2023-12-29T01:00:00Z,2:12
1,HOU,Toyota Center,18055,1,2023-11-04T20:00:00Z,2023-11-05T00:00:00Z,2:07
1,PHX,Footprint Center,17071,1,2024-01-16T21:00:00Z,2024-01-17T02:00:00Z,2:13
0,WAS,Capital One Arena,20333,1,2024-02-27T19:00:00Z,2024-02-28T00:00:00Z,2:01
0,MIA,Kaseya Center,19660,1,2024-04-10T19:30:00Z,2024-04-10T23:30:00Z,2:10
0,LAC,Crypto.com Arena,19370,1,2024-02-12T22:30:00Z,2024-02-13T03:30:00Z,2:06
0,MIA,Kaseya Center,19653,1,2023-12-14T19:30:00Z,2023-12-15T00:30:00Z,2:19
0,CHA,Spectrum Center,16164,0,2024-01-26T19:00:00Z,2024-01-27T00:00:00Z,2:09
0,CLE,Rocket Mortgage FieldHouse,19432,1,2023-11-30T19:00:00Z,2023-12-01T00:00:00Z,2:05
1,HOU,Toyota Center,18055,1,2024-03-23T20:00:00Z,2024-03-24T00:00:00Z,2:10
0,WAS,Capital One Arena,17602,0,2023-11-10T19:00:00Z,2023-11-11T00:00:00Z,2:15
1,PHI,Wells Fargo Center,19772,1,2024-01-02T19:00:00Z,2024-01-03T00:00:00Z,2:16
1,MEM,FedExForum,18160,1,2023-12-21T20:00:00Z,2023-12-22T01:00:00Z,2:15
0,PHI,Wells Fargo Center,19780,1,2024-02-07T19:30:00Z,2024-02-08T00:30:00Z,2:13
1,ORL,Kia Center,19276,1,2024-04-07T18:00:00Z,2024-04-07T22:00:00Z,2:12
0,SAC,Golden 1 Center,17832,1,2024-03-29T22:00:00Z,2024-03-30T02:00:00Z,2:13
1,MIN,Target Center,18024,1,2023-11-22T20:00:00Z,2023-11-23T01:00:00Z,2:10
1,HOU,Toyota Center,18055,1,2024-01-29T20:00:00Z,2024-01-30T01:00:00Z,2:13
1,DAL,American Airlines Center,20409,1,2023-12-23T20:30:00Z,2023-12-24T01:30:00Z,2:08
1,PHX,Footprint Center,17071,1,2024-02-25T15:30:00Z,2024-02-25T20:30:00Z,2:20
0,HOU,Toyota Center,18055,1,2024-04-05T20:00:00Z,2024-04-06T00:00:00Z,2:04
0,LAC,Crypto.com Arena,19370,1,2024-02-07T22:00:00Z,2024-02-08T03:00:00Z,2:17
1,MIL,Fiserv Forum,17729,1,2023-12-19T20:00:00Z,2023-12-20T01:00:00Z,2:08
0,CHA,Spectrum Center,13712,0,2024-01-31T19:00:00Z,2024-02-01T00:00:00Z,2:09
1,GSW,Chase Center,18064,1,2023-11-20T22:00:00Z,2023-11-21T03:00:00Z,2:09
0,WAS,Capital One Arena,15023,0,2024-03-29T19:00:00Z,2024-03-29T23:00:00Z,2:05
0,ATL,State Farm Arena,15906,0,2023-12-06T19:30:00Z,2023-12-07T00:30:00Z,2:22
1,HOU,Toyota Center,18055,1,2023-11-24T20:00:00Z,2023-11-25T01:00:00Z,2:07
0,HOU,Toyota Center,18055,1,2023-12-27T20:00:00Z,2023-12-28T01:00:00Z,2:14
1,CLE,Rocket Mortgage FieldHouse,19432,1,2023-12-16T19:30:00Z,2023-12-17T00:30:00Z,2:09
0,MEM,FedExForum,15823,0,2024-02-12T20:00:00Z,2024-02-13T01:00:00Z,2:06
0,MEM,FedExForum,17794,1,2024-04-12T20:00:00Z,2024-04-13T00:00:00Z,2:20
1,GSW,Chase Center,18064,1,2024-04-14T15:30:00Z,2024-04-14T19:30:00Z,2:05
1,LAL,Crypto.com Arena,18997,1,2024-03-24T22:00:00Z,2024-03-25T02:00:00Z,2:20
1,GSW,Chase Center,18064,0,2023-11-30T22:00:00Z,2023-12-01T03:00:00Z,2:24
0,GSW,Chase Center,18064,1,2024-02-14T22:00:00Z,2024-02-15T03:00:00Z,2:33
0,HOU,Toyota Center,18055,1,2024-01-24T20:00:00Z,2024-01-25T01:00:00Z,2:25
1,BOS,TD Garden,19156,1,2024-03-01T19:30:00Z,2024-03-02T00:30:00Z,2:08
0,MIL,T-Mobile Arena,16837,0,2023-12-07T17:00:00Z,2023-12-07T22:00:00Z,2:27
1,MIA,Kaseya Center,19695,1,2023-10-25T19:30:00Z,2023-10-25T23:30:00Z,2:14
0,DET,Little Caesars Arena,19996,0,2024-01-20T15:00:00Z,2024-01-20T20:00:00Z,2:27
1,LAC,Crypto.com Arena,19370,1,2023-12-29T22:30:00Z,2023-12-30T03:30:00Z,2:15
0,SAC,Golden 1 Center,18250,1,2023-10-27T22:00:00Z,2023-10-28T02:00:00Z,2:23
1,BOS,TD Garden,19156,1,2024-03-18T19:30:00Z,2024-03-18T23:30:00Z,1:53
1,DET,Little Caesars Arena,16861,0,2024-01-28T14:00:00Z,2024-01-28T19:00:00Z,1:56
1,CHI,United Center,18063,0,2023-11-18T20:00:00Z,2023-11-19T01:00:00Z,2:18
0,MIL,Fiserv Forum,18085,1,2024-03-26T19:30:00Z,2024-03-26T23:30:00Z,3:04
0,UTA,Delta Center,18206,1,2024-04-02T21:00:00Z,2024-04-03T01:00:00Z,2:06
1,UTA,Delta Center,18206,1,2024-02-04T20:00:00Z,2024-02-05T01:00:00Z,2:15
0,POR,Moda Center,18439,0,2023-12-16T21:00:00Z,2023-12-17T02:00:00Z,2:12
0,TOR,Scotiabank Arena,19800,1,2023-11-15T19:30:00Z,2023-11-16T00:30:00Z,2:15
0,PHI,Wells Fargo Center,19757,1,2024-03-06T19:30:00Z,2024-03-07T00:30:00Z,2:23
0,BKN,Barclays Center,15847,0,2024-03-04T19:30:00Z,2024-03-05T00:30:00Z,2:28
1,IND,Gainbridge Fieldhouse,17274,1,2024-01-05T19:00:00Z,2024-01-06T00:00:00Z,2:04
0,TOR,Scotiabank Arena,19601,0,2024-03-22T19:00:00Z,2024-03-22T23:00:00Z,2:02
0,DET,Little Caesars Arena,14346,0,2023-11-27T19:00:00Z,2023-11-28T00:00:00Z,2:18
0,HOU,Toyota Center,18055,1,2024-01-21T19:00:00Z,2024-01-22T00:00:00Z,2:10
0,SAS,Frost Bank Center,18354,1,2023-12-13T20:00:00Z,2023-12-14T01:00:00Z,2:14
1,SAC,Golden 1 Center,17832,1,2024-02-09T22:00:00Z,2024-02-10T03:00:00Z,2:10
0,POR,Moda Center,18341,0,2024-04-09T22:00:00Z,2024-04-10T02:00:00Z,2:01
1,MIL,Fiserv Forum,17875,1,2024-03-04T20:00:00Z,2024-03-05T01:00:00Z,2:14
0,ATL,State Farm Arena,17067,1,2023-11-17T19:30:00Z,2023-11-18T00:30:00Z,2:20
1,BOS,TD Garden,19156,1,2024-01-05T19:00:00Z,2024-01-06T00:00:00Z,2:10
0,NOP,Smoothie King Center,16302,0,2023-11-12T19:00:00Z,2023-11-13T00:00:00Z,2:10
1,HOU,Toyota Center,18055,1,2024-01-06T20:00:00Z,2024-01-07T01:00:00Z,2:38
0,BKN,Barclays Center,17732,1,2024-01-23T19:30:00Z,2024-01-24T00:30:00Z,2:13
1,MIL,Fiserv Forum,17602,1,2023-11-26T15:30:00Z,2023-11-26T20:30:00Z,2:30
1,ORL,Kia Center,17094,0,2024-03-21T19:00:00Z,2024-03-21T23:00:00Z,2:09
0,BKN,Barclays Center,17732,1,2024-04-07T19:30:00Z,2024-04-07T23:30:00Z,2:06
1,BKN,Barclays Center,18005,1,2024-02-10T18:00:00Z,2024-02-10T23:00:00Z,2:10
1,MIL,Fiserv Forum,17440,1,2023-12-11T20:00:00Z,2023-12-12T01:00:00Z,2:42
1,CHA,Spectrum Center,19093,1,2024-01-19T19:00:00Z,2024-01-20T00:00:00Z,2:11
0,WAS,Capital One Arena,14137,0,2024-03-19T19:00:00Z,2024-03-19T23:00:00Z,2:11
1,MIN,Target Center,18024,1,2024-02-27T20:00:00Z,2024-02-28T01:00:00Z,1:60
0,CLE,Rocket Mortgage FieldHouse,19432,1,2023-10-28T19:30:00Z,2023-10-28T23:30:00Z,2:10
0,TOR,Scotiabank Arena,19133,0,2024-03-27T19:30:00Z,2024-03-27T23:30:00Z,2:06
0,DAL,American Airlines Center,20211,1,2023-11-19T19:30:00Z,2023-11-20T00:30:00Z,2:10
0,DET,Little Caesars Arena,16922,0,2024-01-27T12:00:00Z,2024-01-27T17:00:00Z,2:08
1,UTA,Delta Center,18206,1,2023-12-18T21:00:00Z,2023-12-19T02:00:00Z,2:10
0,CHA,Spectrum Center,15687,0,2024-02-04T18:00:00Z,2024-02-04T23:00:00Z,2:15
1,IND,Gainbridge Fieldhouse,17274,1,2024-04-05T19:00:00Z,2024-04-05T23:00:00Z,2:12
1,IND,Gainbridge Fieldhouse,16010,0,2024-02-28T19:30:00Z,2024-02-29T00:30:00Z,2:16
0,MIL,Fiserv Forum,17341,1,2024-01-08T20:00:00Z,2024-01-09T01:00:00Z,2:10
0,DET,Little Caesars Arena,20062,1,2023-11-05T15:00:00Z,2023-11-05T20:00:00Z,2:21
1,DEN,Ball Arena,19625,1,2024-01-01T21:00:00Z,2024-01-02T02:00:00Z,2:02
0,OKC,Paycom Center,16827,0,2023-11-03T20:00:00Z,2023-11-04T00:00:00Z,2:40
1,DEN,Ball Arena,19855,1,2024-03-07T22:00:00Z,2024-03-08T03:00:00Z,2:25
1,MIL,Fiserv Forum,17866,1,2023-12-02T20:00:00Z,2023-12-03T01:00:00Z,2:04
0,GSW,Chase Center,18064,1,2024-04-12T22:00:00Z,2024-04-13T02:00:00Z,2:12
0,LAC,Crypto.com Arena,19370,1,2024-03-24T15:30:00Z,2024-03-24T19:30:00Z,2:02
1,CHI,United Center,19838,0,2023-11-30T20:00:00Z,2023-12-01T01:00:00Z,2:36
1,IND,Gainbridge Fieldhouse,16506,0,2024-02-22T19:00:00Z,2024-02-23T00:00:00Z,2:08
0,MIL,Fiserv Forum,17855,1,2024-01-26T20:00:00Z,2024-01-27T01:00:00Z,2:28
1,ATL,State Farm Arena,15925,0,2023-11-01T19:30:00Z,2023-11-01T23:30:00Z,2:10
0,DAL,American Airlines Center,20155,1,2024-01-13T20:30:00Z,2024-01-14T01:30:00Z,2:10
0,DET,Little Caesars Arena,19388,0,2024-02-24T20:00:00Z,2024-02-25T01:00:00Z,2:10
0,NOP,Smoothie King Center,17727,1,2024-03-13T20:00:00Z,2024-03-14T00:00:00Z,1:57
1,DAL,American Airlines Center,19877,1,2023-12-06T20:30:00Z,2023-12-07T01:30:00Z,2:02
0,LAC,Crypto.com Arena,19370,1,2023-11-24T22:30:00Z,2023-11-25T03:30:00Z,2:20
1,DEN,Ball Arena,19811,1,2023-12-25T14:30:00Z,2023-12-25T19:30:00Z,2:23
1,ORL,Kia Center,19004,1,2024-04-01T19:00:00Z,2024-04-01T23:00:00Z,2:12
0,SAS,Frost Bank Center,17081,0,2024-01-31T20:00:00Z,2024-02-01T01:00:00Z,2:11
1,BKN,Barclays Center,17732,1,2023-12-23T19:30:00Z,2023-12-24T00:30:00Z,2:20
1,GSW,Chase Center,18064,1,2024-02-22T22:00:00Z,2024-02-23T03:00:00Z,2:15
1,MIA,Kaseya Center,19831,1,2024-01-14T18:00:00Z,2024-01-14T23:00:00Z,2:14
0,CHA,Spectrum Center,14491,0,2023-10-30T19:00:00Z,2023-10-30T23:00:00Z,2:12
1,LAC,Crypto.com Arena,19370,1,2023-12-26T22:30:00Z,2023-12-27T03:30:00Z,2:06
0,MEM,FedExForum,17794,1,2023-11-24T17:00:00Z,2023-11-24T22:00:00Z,2:05
1,CLE,Rocket Mortgage FieldHouse,19432,1,2023-12-06T19:00:00Z,2023-12-07T00:00:00Z,2:25
1,ORL,Kia Center,18846,1,2024-03-13T19:00:00Z,2024-03-13T23:00:00Z,2:17
1,DEN,Ball Arena,19622,0,2024-02-02T21:00:00Z,2024-02-03T02:00:00Z,2:07
1,SAC,Golden 1 Center,18332,1,2024-03-31T21:00:00Z,2024-04-01T01:00:00Z,2:13
1,OKC,Paycom Center,18203,1,2024-03-29T20:00:00Z,2024-03-30T00:00:00Z,2:10
1,BOS,TD Garden,19156,1,2023-11-22T19:30:00Z,2023-11-23T00:30:00Z,2:13
1,MIA,Kaseya Center,19600,1,2024-01-31T19:30:00Z,2024-02-01T00:30:00Z,2:06
1,PHI,Wells Fargo Center,20230,1,2023-12-22T19:00:00Z,2023-12-23T00:00:00Z,2:13
1,DEN,Ball Arena,19544,1,2023-11-06T21:00:00Z,2023-11-07T02:00:00Z,2:09
0,CHA,Spectrum Center,14418,0,2024-01-08T19:00:00Z,2024-01-09T00:00:00Z,2:19
1,DEN,Ball Arena,19634,1,2024-02-29T22:00:00Z,2024-03-01T03:00:00Z,2:30
1,WAS,Capital One Arena,18778,0,2024-03-08T19:00:00Z,2024-03-09T00:00:00Z,2:08
0,SAS,Frost Bank Center,18354,1,2023-11-10T20:00:00Z,2023-11-11T01:00:00Z,2:18
1,MIN,Target Center,18024,1,2023-12-30T20:00:00Z,2023-12-31T01:00:00Z,2:29
1,SAC,Golden 1 Center,17829,1,2023-12-02T22:00:00Z,2023-12-03T03:00:00Z,2:14
1,DAL,American Airlines Center,20311,1,2024-02-14T20:30:00Z,2024-02-15T01:30:00Z,1:57
0,MIN,Target Center,18024,1,2024-04-14T15:30:00Z,2024-04-14T19:30:00Z,2:12
