x,y,m
-93,80,-1.0
-235,-9,2.0
1,162,-1.0
232,-19,-1.0
-34,37,-1.0
7,7,1.0
-16,7,-1.0
1,11,-1.0
-227,5,-1.0
20,12,-1.0
65,137,1.0
-23,18,-1.0
-2,20,1.0
232,49,-1.0
0,0,-1.0
-233,-9,2.0
-11,2,1.0
-78,147,1.0
-97,78,-1.0
-11,18,1.0
-20,71,1.0
39,38,1.0
167,190,2.0
-9,117,1.0
124,237,-1.0
229,-6,2.0
23,22,-1.0
-15,36,-1.0
29,253,-1.0
-6,265,-1.0
17,11,-1.0
0,59,1.0
-51,253,2.0
-33,100,1.0
-237,-6,2.0
-75,96,1.0
6,6,1.0
-145,0,1.0
-176,136,-1.0
20,20,-1.0
-12,4,1.0
23,22,1.0
-136,203,-1.0
16,4,1.0
-9,-1,-1.0
142,214,-1.0
44,68,-1.0
-22,159,1.0
7,4,1.0
-37,66,-1.0
-96,231,2.0
-6,-7,-1.0
130,37,-1.0
45,16,1.0
31,15,1.0
-97,152,1.0
-18,248,-1.0
-229,-34,-1.0
36,48,-1.0
21,-8,1.0
-12,-4,1.0
-9,1,1.0
2,248,-1.0
7,14,1.0
28,647,-1.0
-123,50,1.0
21,89,1.0
-9,9,1.0
1,245,-1.0
-237,0,2.0
20,0,1.0
22,-5,1.0
66,172,-1.0
23,-5,1.0
-120,208,-1.0
228,37,-1.0
25,22,1.0
130,219,-1.0
104,104,-1.0
22,71,-1.0
227,55,2.0
161,205,-1.0
158,213,-1.0
27,29,-1.0
48,169,-1.0
0,0,-1.0
-230,-21,-1.0
32,120,-1.0
5,257,-1.0
-123,218,2.0
-62,237,-1.0
1,92,-1.0
-29,247,2.0
-40,163,-1.0
74,21,-1.0
-227,-21,-1.0
121,224,2.0
-225,-23,-1.0
118,215,-1.0
-141,199,2.0
25,0,-1.0
11,13,1.0
-43,26,-1.0
6,19,1.0
232,98,2.0
-2,-5,1.0
17,53,-1.0
-229,-12,2.0
-48,114,-1.0
-64,243,-1.0
186,20,1.0
-29,20,-1.0
27,251,-1.0
33,36,-1.0
-205,143,-1.0
16,48,-1.0
9,83,-1.0
0,0,-1.0
233,41,-1.0
7,38,1.0
26,15,1.0
6,242,-1.0
2,21,-1.0
-20,20,1.0
56,94,1.0
6,69,1.0
-113,224,2.0
146,199,-1.0
33,42,1.0
6,300,-1.0
-123,23,-1.0
0,0,1.0
-77,100,-1.0
188,174,2.0
12,32,-1.0
234,27,2.0
-51,264,2.0
-230,-9,-1.0
-38,267,2.0
10,7,1.0
-229,-4,2.0
230,21,2.0
31,67,-1.0
235,-13,2.0
21,6,-1.0
-22,8,1.0
-45,90,-1.0
89,242,-1.0
-72,243,2.0
-225,-4,-1.0
-31,47,-1.0
151,207,-1.0
-21,260,2.0
18,12,-1.0
-9,110,1.0
205,143,2.0
-81,154,-1.0
-77,32,1.0
146,211,2.0
-22,137,1.0
-18,89,-1.0
-163,209,2.0
-123,101,-1.0
-88,248,2.0
1,40,1.0
-49,254,2.0
54,252,2.0
13,10,-1.0
-159,211,-1.0
-23,16,1.0
9,11,-1.0
53,254,2.0
-157,191,-1.0
-227,54,2.0
80,243,2.0
22,5,1.0
-97,173,1.0
23,25,-1.0
195,39,-1.0
5,58,1.0
16,1,1.0
4,-4,-1.0
21,2,1.0
10,-5,1.0
233,26,-1.0
234,-6,2.0
126,21,1.0
17,7,1.0
-167,196,-1.0
47,101,-1.0
-92,68,1.0
92,247,-1.0
1,67,1.0
127,216,2.0
48,256,-1.0
27,123,-1.0
-7,174,-1.0
-6,29,-1.0
234,-5,2.0
-229,-9,-1.0
-27,18,-1.0
18,-3,1.0
23,2,-1.0
-123,223,-1.0
-121,236,-1.0
-40,74,-1.0
-13,23,1.0
-10,25,-1.0
0,25,1.0
232,-16,2.0
-157,201,2.0
66,32,1.0
40,8,-1.0
1,8,1.0
179,175,-1.0
229,-10,-1.0
104,46,1.0
109,33,1.0
203,134,2.0
16,17,-1.0
21,8,1.0
0,7,-1.0
26,15,-1.0
146,-10,1.0
-28,89,1.0
6,-1,1.0
-186,171,2.0
4,72,-1.0
214,119,2.0
-64,174,-1.0
61,15,1.0
-21,14,-1.0
223,116,2.0
-23,16,1.0
31,16,-1.0
-184,156,-1.0
118,221,-1.0
-2,11,-1.0
9,11,-1.0
-74,240,2.0
-10,21,-1.0
-76,236,2.0
-105,226,-1.0
-135,265,-1.0
110,151,-1.0
-232,-29,-1.0
-233,-32,-1.0
153,197,-1.0
135,216,2.0
120,242,2.0
25,35,1.0
148,215,2.0
134,222,-1.0
-228,43,-1.0
-83,232,-1.0
96,234,2.0
54,242,-1.0
56,6,1.0
-27,72,1.0
-29,101,1.0
40,17,1.0
27,6,1.0
23,10,1.0
-156,210,-1.0
-234,-13,2.0
-135,209,-1.0
26,24,-1.0
-18,251,-1.0
-17,11,1.0
116,227,2.0
-29,37,-1.0
-199,170,2.0
-230,12,2.0
-188,183,2.0
-229,44,-1.0
-1,39,-1.0
7,15,1.0
230,33,2.0
229,-3,-1.0
-71,172,-1.0
102,52,-1.0
103,94,-1.0
15,102,1.0
91,126,1.0
17,26,-1.0
-62,251,-1.0
-37,259,-1.0
7,11,-1.0
-234,-15,-1.0
-28,272,-1.0
1,13,1.0
218,134,-1.0
-7,11,1.0
4,15,-1.0
11,20,-1.0
0,0,-1.0
225,-17,2.0
-1,12,1.0
223,1,-1.0
129,226,-1.0
-1,13,-1.0
0,0,1.0
-229,-4,2.0
-11,20,1.0
31,263,2.0
118,157,1.0
1,20,-1.0
-228,86,-1.0
-164,205,-1.0
74,153,1.0
-233,26,-1.0
1,12,-1.0
0,0,1.0
103,7,1.0
-45,259,-1.0
-2,13,1.0
4,102,-1.0
-178,186,2.0
23,43,-1.0
-18,80,-1.0
170,193,-1.0
-4,13,1.0
-6,13,1.0
4,10,-1.0
0,0,1.0
-233,36,-1.0
-104,229,-1.0
0,0,1.0
-32,120,-1.0
-4,-2,1.0
1,5,1.0
77,72,-1.0
0,0,-1.0
0,0,1.0
-5,9,-1.0
-119,35,1.0
-6,-4,1.0
-11,130,-1.0
-89,241,2.0
-26,179,1.0
15,6,-1.0
-5,8,1.0
-5,8,-1.0
-233,26,-1.0
6,8,1.0
-44,113,-1.0
0,0,1.0
11,11,-1.0
-2,8,1.0
-4,4,1.0
1,4,1.0
96,122,-1.0
-29,19,1.0
-119,230,-1.0
-229,29,2.0
224,6,2.0
-18,247,-1.0
18,14,-1.0
-1,27,-1.0
137,215,2.0
-13,0,1.0
-6,8,1.0
42,120,1.0
-6,-1,-1.0
0,0,1.0
45,253,2.0
114,3,1.0
89,236,-1.0
-16,4,-1.0
0,0,1.0
65,192,-1.0
93,99,1.0
15,16,-1.0
-28,38,-1.0
-10,6,-1.0
12,20,-1.0
-232,36,2.0
-6,3,1.0
6,11,-1.0
40,105,1.0
-87,87,1.0
21,22,-1.0
-98,104,1.0
153,221,2.0
-230,20,-1.0
235,20,-1.0
-21,167,1.0
-9,-11,1.0
-165,193,-1.0
5,3,1.0
-205,167,-1.0
0,0,-1.0
-178,195,-1.0
-60,266,2.0
-118,222,2.0
13,-5,1.0
23,4,1.0
167,226,2.0
165,203,-1.0
229,16,2.0
-7,5,1.0
-237,29,2.0
47,269,-1.0
10,27,1.0
-12,14,1.0
-224,129,-1.0
207,147,-1.0
120,234,2.0
-38,62,-1.0
0,0,1.0
-1,-1,1.0
105,247,2.0
-216,136,-1.0
-4,103,-1.0
-60,247,-1.0
-115,-2,-1.0
-13,8,-1.0
216,127,-1.0
-170,219,2.0
103,35,1.0
-32,64,-1.0
234,63,2.0
-127,235,-1.0
17,282,2.0
140,221,2.0
-235,47,-1.0
-7,216,1.0
-94,253,2.0
1,205,-1.0
-16,22,1.0
38,210,-1.0
9,11,1.0
-229,52,2.0
-132,113,1.0
114,248,-1.0
-222,107,-1.0
161,223,-1.0
156,222,-1.0
-7,262,-1.0
-16,33,-1.0
151,238,-1.0
0,0,1.0
0,10,1.0
-237,104,-1.0
5,15,-1.0
0,36,1.0
21,273,2.0
10,13,1.0
-89,257,2.0
-124,153,-1.0
-102,183,1.0
233,53,-1.0
-1,4,1.0
123,252,-1.0
-232,68,2.0
238,36,2.0
-28,260,-1.0
-110,252,-1.0
-129,243,-1.0
1,31,-1.0
0,0,1.0
-27,22,-1.0
146,223,2.0
-1,288,2.0
-10,264,-1.0
0,0,1.0
-29,265,-1.0
1,58,1.0
2,15,1.0
-156,67,-1.0
-16,8,1.0
-7,265,-1.0
4,-1,1.0
6,33,-1.0
228,50,-1.0
9,34,1.0
112,263,-1.0
87,57,1.0
17,22,1.0
45,277,-1.0
157,232,-1.0
58,116,-1.0
192,180,2.0
67,190,-1.0
-15,35,-1.0
32,53,1.0
7,14,1.0
69,77,-1.0
26,248,-1.0
89,253,-1.0
17,34,1.0
-28,15,1.0
16,263,-1.0
-15,19,-1.0
-16,101,1.0
-51,75,1.0
-13,6,-1.0
0,0,-1.0
0,22,1.0
-36,176,-1.0
16,15,1.0
-6,8,1.0
-234,20,-1.0
-27,14,-1.0
108,113,1.0
-235,-10,-1.0
94,36,1.0
-234,16,2.0
1,34,-1.0
0,257,-1.0
181,171,-1.0
7,29,-1.0
17,36,-1.0
228,15,-1.0
140,227,-1.0
-15,22,-1.0
0,0,-1.0
0,0,-1.0
0,0,-1.0
0,0,1.0
-43,75,-1.0
17,17,-1.0
-112,-1,1.0
2,103,1.0
-50,260,-1.0
38,23,-1.0
224,159,-1.0
-37,254,2.0
-59,252,-1.0
-10,26,1.0
140,232,2.0
5,21,1.0
-21,67,-1.0
181,184,2.0
2,34,1.0
-45,41,1.0
26,20,-1.0
-27,-4,-1.0
-98,112,1.0
22,37,1.0
-54,113,-1.0
9,91,1.0
18,0,1.0
230,-3,2.0
-36,49,-1.0
194,181,-1.0
-217,148,2.0
145,220,2.0
67,115,-1.0
34,13,-1.0
0,0,1.0
-103,58,-1.0
-25,18,-1.0
-6,21,1.0
25,1,1.0
-40,100,1.0
99,113,-1.0
124,232,2.0
27,10,1.0
119,220,-1.0
32,25,1.0
-27,29,-1.0
-65,265,2.0
29,33,1.0
64,137,-1.0
7,140,-1.0
173,231,-1.0
58,63,-1.0
-223,-7,-1.0
-32,5,1.0
6,3,1.0
237,52,-1.0
22,17,1.0
-222,-17,2.0
229,56,2.0
80,66,1.0
-157,215,2.0
142,226,-1.0
5,3,1.0
18,201,1.0
-64,114,1.0
-98,169,-1.0
0,0,1.0
2,50,1.0
-40,-6,-1.0
-47,184,1.0
2,183,-1.0
154,218,-1.0
1,1,1.0
11,-4,1.0
124,274,-1.0
10,10,1.0
-20,-10,1.0
7,46,1.0
-156,199,-1.0
-113,66,-1.0
-200,158,2.0
45,-6,1.0
-227,-16,2.0
-40,30,1.0
-1,255,2.0
69,184,-1.0
-26,262,2.0
45,1,-1.0
121,141,-1.0
27,14,1.0
132,258,-1.0
-12,146,1.0
201,184,2.0
170,172,-1.0
112,261,-1.0
34,56,1.0
20,76,-1.0
-94,2,-1.0
138,228,2.0
223,32,-1.0
-2,26,1.0
120,28,-1.0
0,0,1.0
-22,18,-1.0
-16,6,-1.0
0,0,1.0
-33,50,-1.0
-77,273,2.0
-2,64,1.0
126,239,2.0
232,33,-1.0
-15,53,1.0
-54,21,1.0
-85,55,-1.0
-55,79,-1.0
-165,233,2.0
154,227,-1.0
-22,277,-1.0
67,102,-1.0
-40,21,1.0
135,70,-1.0
-238,15,-1.0
113,21,1.0
25,13,1.0
-76,60,1.0
-9,22,1.0
-120,115,-1.0
-37,58,-1.0
0,0,-1.0
-235,52,-1.0
85,38,-1.0
-22,50,1.0
135,243,-1.0
-11,64,-1.0
-22,277,2.0
2,17,1.0
170,217,-1.0
-23,13,-1.0
11,27,-1.0
51,39,-1.0
16,109,-1.0
224,7,2.0
10,29,1.0
127,246,-1.0
0,0,-1.0
4,289,-1.0
54,26,-1.0
0,0,1.0
-7,20,1.0
125,41,1.0
186,190,-1.0
-17,12,1.0
234,105,-1.0
-238,-7,-1.0
206,140,2.0
-33,66,1.0
51,37,-1.0
11,73,-1.0
45,35,-1.0
15,258,-1.0
-118,251,-1.0
5,9,1.0
-239,1,-1.0
67,145,-1.0
238,-13,2.0
196,189,2.0
127,94,1.0
-23,3,1.0
53,150,-1.0
37,24,1.0
26,51,1.0
43,22,-1.0
20,166,1.0
20,1,-1.0
28,51,1.0
39,167,-1.0
-59,124,1.0
-7,17,1.0
-5,136,-1.0
-240,-4,-1.0
-92,278,-1.0
0,0,-1.0
11,17,-1.0
213,109,-1.0
195,205,-1.0
-234,-5,2.0
-224,138,2.0
-7,261,-1.0
-12,21,1.0
140,248,-1.0
47,95,1.0
28,45,1.0
-55,32,-1.0
-27,9,1.0
-243,-1,-1.0
-16,9,1.0
-64,88,1.0
-36,4,1.0
-230,115,-1.0
18,17,1.0
9,32,1.0
-1,28,1.0
18,6,1.0
-21,258,-1.0
-6,31,-1.0
50,28,-1.0
-83,146,1.0
126,117,-1.0
185,170,2.0
27,4,1.0
-72,123,1.0
56,165,-1.0
0,0,1.0
58,252,2.0
127,28,-1.0
27,-5,-1.0
-53,130,-1.0
-1,17,1.0
-94,267,-1.0
104,243,2.0
48,33,1.0
89,247,-1.0
-200,199,-1.0
-43,8,-1.0
-225,142,2.0
17,7,1.0
22,6,-1.0
-238,131,-1.0
29,165,-1.0
104,249,2.0
232,73,-1.0
-34,167,1.0
-53,8,-1.0
6,17,1.0
-240,-15,-1.0
-33,28,-1.0
-109,86,1.0
-13,16,1.0
-76,217,1.0
-60,43,-1.0
56,1,-1.0
-129,246,-1.0
157,195,-1.0
0,0,1.0
-186,214,-1.0
116,170,1.0
-67,148,1.0
-107,121,1.0
-239,-4,-1.0
47,-8,-1.0
56,20,-1.0
227,-4,-1.0
21,0,1.0
-42,100,-1.0
-76,15,1.0
-115,35,-1.0
238,57,-1.0
31,48,-1.0
-123,205,-1.0
-2,22,-1.0
-181,158,2.0
21,250,-1.0
-23,15,-1.0
-233,-11,2.0
0,59,-1.0
-142,215,-1.0
12,-2,1.0
18,11,-1.0
17,20,-1.0
1,69,1.0
29,-1,-1.0
-13,13,-1.0
77,0,1.0
-45,92,-1.0
7,45,-1.0
0,0,1.0
124,231,2.0
120,22,1.0
-143,231,-1.0
-109,219,-1.0
1,9,1.0
-224,-11,2.0
2,10,1.0
-26,15,1.0
47,79,1.0
25,17,-1.0
-16,8,-1.0
-71,147,-1.0
82,17,1.0
-157,203,2.0
54,41,-1.0
5,80,-1.0
-11,104,-1.0
100,244,2.0
-54,105,1.0
145,223,2.0
-20,21,1.0
18,36,-1.0
-7,38,1.0
-22,13,1.0
-62,260,2.0
89,28,-1.0
-119,253,-1.0
-69,55,1.0
-6,259,2.0
-66,48,-1.0
223,88,-1.0
-15,32,-1.0
-18,33,1.0
-11,12,1.0
7,27,1.0
-234,41,-1.0
-104,259,-1.0
-5,21,1.0
-80,36,-1.0
25,32,-1.0
-21,84,-1.0
-51,62,-1.0
-45,258,2.0
6,29,1.0
227,54,2.0
51,253,2.0
238,49,2.0
9,128,-1.0
-190,168,2.0
48,123,-1.0
0,0,-1.0
-210,153,-1.0
-6,107,-1.0
65,249,-1.0
1,59,-1.0
0,0,1.0
-75,264,-1.0
21,32,1.0
-114,37,1.0
4,55,1.0
-159,214,-1.0
1,25,1.0
2,8,1.0
229,7,-1.0
87,102,1.0
-58,90,1.0
5,27,-1.0
-210,169,-1.0
-40,258,-1.0
-153,165,-1.0
109,134,-1.0
-10,4,1.0
-178,210,-1.0
-50,127,-1.0
-194,175,2.0
86,252,-1.0
97,54,-1.0
-181,174,-1.0
229,-10,-1.0
6,174,-1.0
81,136,1.0
10,7,1.0
-173,200,2.0
-189,225,-1.0
-22,17,1.0
5,7,1.0
-85,84,1.0
-114,249,-1.0
-6,55,1.0
65,247,-1.0
0,0,-1.0
18,31,1.0
-108,86,1.0
-175,197,-1.0
-69,122,1.0
-2,-1,1.0
-115,131,-1.0
99,244,2.0
-93,254,-1.0
-62,254,-1.0
233,11,2.0
-233,10,2.0
-235,8,2.0
20,-4,1.0
-221,153,-1.0
194,220,-1.0
53,6,1.0
12,22,1.0
-38,125,-1.0
88,111,-1.0
232,-1,2.0
-112,237,-1.0
-1,24,-1.0
0,0,1.0
2,10,1.0
-99,243,-1.0
-161,213,2.0
135,227,-1.0
129,231,-1.0
-135,234,-1.0
-125,230,-1.0
-194,157,2.0
77,263,-1.0
-161,31,-1.0
181,253,-1.0
239,62,-1.0
-167,199,-1.0
2,84,-1.0
2,52,1.0
7,471,-1.0
-116,59,-1.0
45,29,1.0
-2,6,-1.0
70,109,-1.0
4,88,-1.0
7,125,-1.0
75,110,1.0
239,53,-1.0
-150,210,2.0
-67,110,1.0
-17,143,1.0
-43,37,-1.0
9,31,1.0
-120,234,2.0
-23,-1,1.0
-235,98,-1.0
-69,260,-1.0
-2,9,1.0
58,279,2.0
53,111,-1.0
185,197,-1.0
141,271,-1.0
0,0,1.0
235,31,2.0
-12,10,1.0
56,246,-1.0
131,211,-1.0
26,15,-1.0
152,205,-1.0
-86,79,-1.0
-225,25,2.0
180,211,-1.0
180,163,-1.0
9,52,-1.0
-207,125,-1.0
-158,187,2.0
-43,243,2.0
11,69,-1.0
125,214,-1.0
15,38,1.0
70,59,-1.0
0,41,1.0
152,205,-1.0
-186,164,-1.0
22,251,2.0
38,251,2.0
-23,19,-1.0
-169,184,-1.0
-227,-16,2.0
9,42,-1.0
6,104,1.0
176,192,-1.0
-158,188,2.0
-48,17,1.0
13,250,2.0
5,53,1.0
-164,177,-1.0
131,224,-1.0
-195,167,2.0
20,35,-1.0
1,38,-1.0
-195,152,2.0
225,19,2.0
9,-1,1.0
11,62,-1.0
135,216,2.0
121,246,2.0
228,22,2.0
-232,-6,2.0
210,241,2.0
173,183,-1.0
234,28,2.0
235,107,-1.0
-120,253,2.0
2,21,1.0
-154,212,-1.0
-172,190,-1.0
28,21,-1.0
-11,42,-1.0
29,25,1.0
-163,207,-1.0
142,55,1.0
-83,242,-1.0
142,235,2.0
233,68,2.0
56,268,-1.0
-148,222,2.0
2,63,1.0
-164,206,-1.0
221,37,2.0
-164,197,-1.0
-140,246,-1.0
-9,71,-1.0
0,0,1.0
234,15,2.0
-162,206,-1.0
109,239,-1.0
-22,29,1.0
-7,270,2.0
17,17,1.0
1,65,1.0
-21,28,1.0
233,84,-1.0
181,176,-1.0
40,48,-1.0
179,189,2.0
-1,73,1.0
-238,21,-1.0
146,222,2.0
138,243,-1.0
-232,17,-1.0
232,17,2.0
223,21,-1.0
69,251,2.0
-38,15,1.0
-42,87,1.0
-235,10,2.0
-227,11,-1.0
-6,105,-1.0
65,53,-1.0
-196,158,-1.0
10,36,1.0
25,31,-1.0
-23,114,-1.0
-17,32,-1.0
234,5,2.0
-2,22,1.0
-175,198,-1.0
-206,145,-1.0
32,37,1.0
233,11,-1.0
-217,137,-1.0
-196,168,-1.0
-17,27,1.0
-11,10,1.0
162,194,2.0
-60,256,2.0
-4,20,1.0
1,5,1.0
168,221,2.0
-151,36,-1.0
-98,240,2.0
26,47,-1.0
234,93,2.0
83,257,-1.0
21,25,1.0
235,55,-1.0
29,25,-1.0
-62,26,-1.0
-71,10,1.0
-18,13,1.0
178,235,-1.0
6,10,1.0
-235,-1,-1.0
-235,50,-1.0
51,101,-1.0
37,20,-1.0
190,181,2.0
1,15,1.0
-156,222,-1.0
162,214,-1.0
-21,15,1.0
-174,230,2.0
-235,13,2.0
-93,43,1.0
6,21,1.0
-69,105,1.0
227,43,-1.0
4,11,1.0
232,63,-1.0
138,217,2.0
1,8,1.0
36,31,1.0
-195,68,1.0
-22,59,-1.0
-25,36,-1.0
0,0,1.0
22,73,1.0
-39,26,-1.0
-118,91,1.0
21,33,-1.0
-15,63,-1.0
-34,277,-1.0
7,4,1.0
20,27,1.0
164,69,1.0
-37,279,-1.0
-25,83,1.0
4,6,1.0
234,37,-1.0
-97,128,-1.0
-17,115,-1.0
137,223,-1.0
-1,288,-1.0
-224,120,-1.0
-28,43,-1.0
-20,36,-1.0
20,33,-1.0
-66,-11,-1.0
217,120,-1.0
229,106,-1.0
-22,39,-1.0
2,1,1.0
6,33,-1.0
-235,37,-1.0
172,183,-1.0
-101,66,1.0
200,143,2.0
110,223,2.0
-4,-6,1.0
6,13,1.0
-4,253,2.0
-86,249,-1.0
228,-10,-1.0
107,120,1.0
-32,29,1.0
54,18,-1.0
98,45,-1.0
-77,265,-1.0
-17,264,2.0
13,20,-1.0
200,153,-1.0
194,162,2.0
159,199,2.0
-233,0,2.0
42,150,-1.0
62,169,-1.0
-5,0,1.0
233,-16,2.0
-81,246,-1.0
11,217,-1.0
53,8,-1.0
-124,7,-1.0
-235,48,-1.0
-70,96,-1.0
38,32,1.0
1,0,1.0
7,52,1.0
-195,160,2.0
-235,36,2.0
230,12,-1.0
194,151,2.0
-6,-1,1.0
170,473,-1.0
-233,14,-1.0
-5,180,-1.0
9,16,1.0
232,57,2.0
0,13,1.0
22,22,-1.0
-230,93,2.0
-2,9,1.0
147,247,-1.0
-118,232,-1.0
32,19,-1.0
-4,5,1.0
-129,147,-1.0
5,11,1.0
11,41,1.0
59,257,-1.0
5,188,-1.0
-5,56,-1.0
18,26,1.0
148,241,2.0
-189,166,2.0
115,146,-1.0
-17,106,1.0
-195,163,-1.0
47,24,1.0
-56,72,1.0
21,13,-1.0
-6,20,-1.0
0,0,1.0
-103,241,2.0
112,226,2.0
-7,119,1.0
67,69,-1.0
0,0,-1.0
48,188,-1.0
-227,22,2.0
-65,258,-1.0
50,246,-1.0
-229,19,2.0
165,213,2.0
-142,214,2.0
-142,135,-1.0
88,199,1.0
-183,178,-1.0
2,269,-1.0
217,117,-1.0
20,114,-1.0
-36,131,-1.0
159,194,2.0
-230,-20,-1.0
-141,234,-1.0
37,13,-1.0
-145,224,-1.0
132,205,2.0
1,8,1.0
-50,113,1.0
2,16,1.0
172,220,2.0
20,153,1.0
-65,264,2.0
194,177,-1.0
2,176,1.0
227,-7,2.0
170,220,-1.0
1,45,1.0
183,225,-1.0
-72,460,-1.0
4,58,1.0
-17,15,1.0
56,252,-1.0
10,37,1.0
183,176,2.0
12,37,1.0
-9,29,1.0
136,245,-1.0
142,231,2.0
-22,36,-1.0
31,75,-1.0
234,79,-1.0
-228,27,-1.0
12,20,1.0
186,194,2.0
-120,242,-1.0
-227,42,-1.0
-169,197,2.0
64,15,1.0
5,41,-1.0
233,46,2.0
-142,224,-1.0
-222,13,2.0
-180,201,-1.0
66,103,-1.0
5,47,1.0
121,237,-1.0
42,47,1.0
-123,105,1.0
20,37,-1.0
0,0,1.0
25,26,-1.0
-184,204,2.0
-232,2,-1.0
0,0,-1.0
13,23,1.0
-143,222,2.0
-7,21,1.0
0,13,1.0
-158,237,-1.0
-200,194,2.0
55,63,1.0
9,29,1.0
47,102,-1.0
-173,199,2.0
-234,23,-1.0
96,241,2.0
232,39,-1.0
-229,88,-1.0
0,33,1.0
-230,59,-1.0
7,25,1.0
9,6,-1.0
6,21,1.0
-13,15,1.0
-4,26,-1.0
-161,220,2.0
-175,200,-1.0
-1,83,1.0
-34,94,-1.0
-11,39,1.0
94,260,-1.0
92,239,-1.0
-234,47,2.0
-197,157,2.0
-148,222,-1.0
-2,10,1.0
121,242,-1.0
-147,132,-1.0
-5,7,1.0
-12,25,-1.0
-26,102,1.0
105,41,-1.0
18,248,-1.0
0,6,-1.0
0,0,1.0
-118,241,-1.0
147,236,2.0
142,85,-1.0
17,95,-1.0
-165,218,-1.0
-4,-1,-1.0
-2,8,1.0
-27,1,1.0
-15,15,1.0
-5,0,1.0
39,262,2.0
-17,-1,1.0
110,55,-1.0
-26,100,-1.0
-125,236,2.0
0,96,1.0
-11,8,1.0
-12,-2,1.0
-100,257,-1.0
-4,0,1.0
77,29,-1.0
-5,17,1.0
-191,180,-1.0
83,245,2.0
163,211,2.0
230,42,-1.0
7,-10,-1.0
-116,-23,-1.0
-147,230,-1.0
-2,6,1.0
86,257,2.0
-120,14,-1.0
-5,257,-1.0
-23,13,-1.0
0,0,-1.0
189,190,-1.0
-102,20,-1.0
-78,135,1.0
-58,265,-1.0
33,65,-1.0
-229,-5,2.0
25,-5,1.0
-48,21,-1.0
163,212,-1.0
233,112,2.0
7,13,-1.0
7,111,-1.0
156,235,-1.0
-1,7,1.0
-156,-6,-1.0
192,204,-1.0
36,-20,-1.0
10,-5,-1.0
119,60,-1.0
-88,27,-1.0
10,0,1.0
2,12,1.0
27,181,-1.0
-225,-10,2.0
17,11,1.0
-83,76,1.0
-186,222,-1.0
-225,0,-1.0
-1,55,-1.0
33,4,-1.0
0,0,1.0
26,23,1.0
121,251,2.0
-31,38,-1.0
11,1,-1.0
22,6,-1.0
-83,69,1.0
-223,-4,-1.0
7,1,-1.0
-6,10,1.0
21,16,-1.0
-10,41,1.0
-228,10,-1.0
-172,217,2.0
192,10,-1.0
148,216,2.0
-120,39,-1.0
109,237,2.0
-37,68,1.0
10,117,-1.0
25,28,1.0
168,189,-1.0
-223,0,-1.0
146,216,-1.0
-49,36,1.0
-21,299,-1.0
93,13,-1.0
37,15,1.0
109,12,1.0
27,279,-1.0
-217,179,-1.0
22,29,1.0
-28,20,1.0
36,50,1.0
1,267,-1.0
-67,123,1.0
9,264,-1.0
-61,263,2.0
-43,41,-1.0
4,20,-1.0
0,0,-1.0
-228,-10,2.0
-44,23,1.0
99,247,-1.0
44,63,-1.0
-192,205,2.0
-31,11,1.0
-17,267,-1.0
-233,8,-1.0
-229,1,-1.0
-7,81,-1.0
-32,36,1.0
-40,21,1.0
-124,274,-1.0
217,146,-1.0
15,15,1.0
-210,562,-1.0
-177,133,-1.0
-212,31,-1.0
-5,101,-1.0
-42,29,1.0
28,26,1.0
61,9,-1.0
203,201,-1.0
-192,152,2.0
31,59,1.0
-147,201,-1.0
38,22,-1.0
36,29,1.0
127,236,2.0
51,46,-1.0
21,19,1.0
71,21,-1.0
170,9,1.0
-121,227,2.0
15,84,-1.0
156,211,2.0
26,13,1.0
-92,3,-1.0
-16,247,-1.0
-100,227,-1.0
192,205,2.0
-82,247,2.0
-142,229,-1.0
152,59,1.0
20,255,-1.0
47,16,1.0
-191,182,2.0
-202,134,2.0
33,67,-1.0
-34,22,1.0
-197,157,-1.0
51,19,-1.0
-227,-17,2.0
13,41,1.0
239,0,2.0
16,50,1.0
-173,173,2.0
-233,8,-1.0
-36,26,1.0
43,26,-1.0
23,260,-1.0
192,199,-1.0
-65,248,-1.0
-232,96,2.0
100,172,1.0
123,223,-1.0
109,236,2.0
23,13,-1.0
232,39,2.0
38,15,-1.0
109,237,-1.0
53,302,2.0
-86,252,-1.0
92,130,1.0
69,256,-1.0
230,50,-1.0
-27,23,1.0
-164,163,1.0
-28,82,1.0
-42,70,1.0
17,32,-1.0
-129,235,2.0
-51,217,-1.0
-42,21,-1.0
-112,257,2.0
-164,204,-1.0
-20,22,-1.0
154,214,-1.0
0,0,-1.0
43,86,-1.0
-165,228,-1.0
164,186,2.0
-96,205,-1.0
153,294,-1.0
129,221,2.0
233,54,-1.0
-104,269,2.0
-31,10,1.0
228,94,-1.0
98,32,-1.0
-151,225,2.0
76,2,-1.0
86,211,1.0
-127,214,2.0
103,242,-1.0
217,121,2.0
189,182,-1.0
120,151,-1.0
184,89,-1.0
-234,84,2.0
28,50,-1.0
-188,187,-1.0
115,271,-1.0
-108,168,-1.0
11,24,1.0
32,23,-1.0
-10,43,-1.0
112,51,-1.0
-44,56,1.0
-5,61,1.0
23,32,1.0
17,95,1.0
-51,29,1.0
112,146,1.0
-235,58,2.0
-233,56,-1.0
118,37,-1.0
21,29,-1.0
-2,453,-1.0
-132,150,-1.0
-184,72,1.0
178,237,-1.0
120,219,-1.0
86,132,1.0
-70,127,-1.0
0,0,-1.0
-4,22,1.0
26,31,-1.0
18,17,1.0
230,68,-1.0
-31,8,1.0
-88,252,2.0
-4,24,1.0
51,48,-1.0
11,40,1.0
-2,26,1.0
18,273,-1.0
-39,103,1.0
-98,225,-1.0
16,61,1.0
71,120,-1.0
-7,66,-1.0
81,80,1.0
13,63,1.0
-4,3,1.0
-222,-29,-1.0
18,98,-1.0
104,113,1.0
2,6,1.0
-233,-31,2.0
39,184,-1.0
1,5,1.0
21,16,-1.0
-38,63,-1.0
-51,3,1.0
-49,243,-1.0
45,251,-1.0
-2,4,1.0
47,98,1.0
109,262,-1.0
-25,11,-1.0
4,-7,1.0
17,30,1.0
190,151,-1.0
-170,179,-1.0
65,85,-1.0
21,255,-1.0
-7,0,1.0
-147,197,-1.0
54,247,-1.0
48,252,-1.0
6,4,1.0
-32,0,-1.0
-29,-2,1.0
31,29,1.0
15,32,-1.0
21,21,-1.0
0,0,1.0
227,1,-1.0
58,47,1.0
16,9,1.0
-22,1,-1.0
0,0,1.0
29,131,-1.0
16,53,1.0
-70,4,-1.0
-147,207,-1.0
-25,33,-1.0
0,0,1.0
-6,27,-1.0
12,264,-1.0
116,22,-1.0
45,28,-1.0
2,8,1.0
15,17,1.0
-12,73,1.0
232,-16,2.0
-12,18,-1.0
2,20,-1.0
85,6,1.0
71,251,-1.0
11,7,1.0
-15,17,-1.0
62,248,2.0
-37,29,1.0
-49,31,-1.0
12,20,1.0
1,4,1.0
-2,5,1.0
-2,11,1.0
112,227,-1.0
5,8,1.0
-66,69,-1.0
-158,222,-1.0
4,22,-1.0
0,0,-1.0
-1,89,-1.0
-5,20,-1.0
-4,16,1.0
38,5,1.0
20,10,-1.0
125,231,2.0
72,244,2.0
-93,246,-1.0
0,107,-1.0
-195,167,-1.0
-7,11,-1.0
12,264,-1.0
91,258,2.0
-110,238,-1.0
18,62,1.0
-7,267,-1.0
-156,211,-1.0
-2,84,1.0
-123,259,2.0
230,4,-1.0
-235,39,-1.0
-36,137,-1.0
-11,248,-1.0
235,11,-1.0
-235,-38,-1.0
-207,134,-1.0
0,0,1.0
-18,-10,1.0
-165,180,-1.0
-74,5,1.0
-150,206,-1.0
-228,-33,-1.0
-172,177,-1.0
115,166,1.0
-132,204,-1.0
12,241,-1.0
0,0,-1.0
154,201,2.0
48,168,1.0
-135,209,-1.0
0,0,1.0
-205,138,-1.0
137,213,-1.0
102,48,1.0
-100,140,1.0
162,199,2.0
92,63,-1.0
121,158,-1.0
-174,184,-1.0
-227,-29,2.0
45,34,1.0
-21,20,-1.0
-25,32,-1.0
-31,41,-1.0
-11,248,2.0
126,61,-1.0
0,0,1.0
2,250,-1.0
235,83,-1.0
7,61,-1.0
152,205,-1.0
7,8,1.0
-12,116,1.0
-4,88,-1.0
-232,-10,2.0
-7,-1,1.0
103,169,-1.0
-86,241,-1.0
2,242,-1.0
-153,189,2.0
213,145,-1.0
51,32,-1.0
50,252,-1.0
9,31,-1.0
99,99,-1.0
91,190,1.0
-232,33,-1.0
-228,63,2.0
77,248,-1.0
100,238,2.0
27,12,-1.0
-224,2,-1.0
163,199,-1.0
-113,149,-1.0
10,16,1.0
-1,29,1.0
-152,11,1.0
-148,212,-1.0
-27,36,1.0
48,18,-1.0
159,65,-1.0
-1,123,1.0
229,-5,2.0
-99,184,-1.0
42,59,-1.0
-7,86,1.0
-159,201,2.0
-150,212,-1.0
-31,4,-1.0
0,0,1.0
-229,-3,-1.0
169,185,-1.0
16,112,-1.0
75,2,-1.0
59,249,-1.0
-9,20,-1.0
126,27,-1.0
-148,210,-1.0
50,262,-1.0
-131,228,-1.0
-168,189,2.0
-150,222,-1.0
5,1,1.0
230,52,-1.0
-13,275,-1.0
224,-11,2.0
-189,174,-1.0
6,5,1.0
-53,84,1.0
10,-1,1.0
-206,147,-1.0
-227,57,2.0
-18,10,-1.0
9,6,1.0
5,70,1.0
-82,257,2.0
116,25,1.0
-153,118,-1.0
-9,104,1.0
25,0,-1.0
4,16,-1.0
-223,60,2.0
54,49,-1.0
-26,23,1.0
-237,10,-1.0
31,2,-1.0
-11,7,-1.0
-38,27,-1.0
-51,89,-1.0
-150,37,1.0
-78,29,1.0
228,17,-1.0
-48,33,-1.0
10,100,-1.0
-18,18,1.0
10,15,1.0
154,196,-1.0
-119,97,1.0
-118,50,-1.0
32,6,-1.0
-42,73,-1.0
-69,12,-1.0
-130,238,-1.0
-50,0,-1.0
-11,34,-1.0
2,53,-1.0
-66,244,-1.0
-89,243,-1.0
224,8,-1.0
-17,-1,1.0
43,23,1.0
-210,132,-1.0
4,-4,1.0
1,34,-1.0
1,50,1.0
-224,0,-1.0
-228,137,2.0
2,10,1.0
4,67,-1.0
33,5,1.0
151,206,-1.0
-78,234,-1.0
-56,6,1.0
23,266,-1.0
-146,193,-1.0
13,-4,1.0
15,9,-1.0
15,261,-1.0
-72,22,-1.0
-147,1,-1.0
13,3,1.0
-156,-6,-1.0
0,0,-1.0
-1,-1,-1.0
0,0,1.0
-103,235,2.0
-1,22,-1.0
-208,148,-1.0
-74,35,1.0
-4,26,1.0
-20,93,-1.0
5,5,1.0
17,16,-1.0
98,229,-1.0
22,13,1.0
61,247,-1.0
1,0,1.0
-184,179,-1.0
-4,-1,1.0
-2,82,1.0
-132,211,2.0
-211,111,2.0
13,5,-1.0
11,1,1.0
-49,-10,-1.0
5,-4,1.0
-6,57,1.0
-6,-11,1.0
7,13,-1.0
16,5,-1.0
53,245,-1.0
-99,227,2.0
238,85,-1.0
1,8,-1.0
161,213,-1.0
233,67,-1.0
-21,10,1.0
-1,-4,1.0
-29,250,2.0
-23,255,-1.0
-150,204,2.0
37,3,-1.0
10,109,1.0
54,246,2.0
-31,25,-1.0
164,209,2.0
-71,242,-1.0
-48,257,2.0
232,13,-1.0
-34,48,-1.0
147,134,1.0
158,199,2.0
-227,-39,2.0
4,5,1.0
12,-5,1.0
21,24,1.0
125,229,-1.0
-2,20,1.0
-146,200,-1.0
44,247,2.0
2,6,1.0
-17,1,-1.0
-154,190,-1.0
10,15,1.0
-137,213,-1.0
-189,169,-1.0
21,3,-1.0
9,10,1.0
-225,-31,2.0
26,255,-1.0
114,236,2.0
107,45,-1.0
156,194,2.0
-86,114,-1.0
-6,36,-1.0
0,0,1.0
157,203,-1.0
-2,256,2.0
-104,1,-1.0
21,6,1.0
-49,83,-1.0
235,1,-1.0
-1,253,-1.0
45,247,2.0
85,77,-1.0
-42,20,-1.0
7,51,-1.0
-233,-27,-1.0
-10,270,2.0
-29,121,1.0
20,69,-1.0
1,20,1.0
-49,-11,-1.0
0,0,-1.0
197,170,-1.0
31,29,-1.0
-88,130,-1.0
38,5,-1.0
37,1,1.0
-5,11,1.0
-5,6,1.0
27,0,-1.0
0,0,-1.0
116,230,-1.0
12,16,1.0
-5,8,1.0
-7,5,-1.0
80,257,-1.0
233,53,-1.0
-15,17,-1.0
-234,-3,2.0
-7,8,1.0
20,259,2.0
-163,210,2.0
-154,201,2.0
0,16,1.0
2,1,1.0
20,-1,1.0
2,-6,1.0
-9,8,-1.0
-27,257,-1.0
71,253,-1.0
20,260,-1.0
-162,200,2.0
110,249,-1.0
137,228,2.0
-86,130,-1.0
0,0,1.0
6,6,1.0
134,43,-1.0
9,6,1.0
85,101,1.0
20,152,1.0
15,46,-1.0
-39,116,1.0
10,8,1.0
-232,-6,2.0
18,269,-1.0
233,71,-1.0
-6,20,1.0
-15,8,1.0
-237,5,-1.0
-54,243,-1.0
23,4,1.0
-22,9,-1.0
-208,134,-1.0
-124,215,-1.0
28,5,-1.0
230,15,2.0
-10,85,-1.0
21,4,1.0
-18,209,1.0
-229,-13,2.0
13,1,1.0
-190,171,-1.0
-211,127,2.0
208,224,2.0
-39,195,-1.0
32,10,1.0
-142,199,-1.0
6,16,-1.0
-202,147,-1.0
26,15,-1.0
-115,111,-1.0
107,230,-1.0
-176,177,-1.0
-17,29,-1.0
31,103,-1.0
-213,129,2.0
5,220,-1.0
-22,26,1.0
22,0,1.0
-230,-16,-1.0
50,31,-1.0
33,8,1.0
38,4,-1.0
0,0,-1.0
34,14,-1.0
31,5,-1.0
-233,-18,-1.0
-7,30,-1.0
-7,260,2.0
-131,229,2.0
170,576,-1.0
-152,99,-1.0
-22,252,-1.0
29,257,2.0
36,7,-1.0
-194,163,2.0
15,49,-1.0
17,111,1.0
-225,33,-1.0
-20,10,1.0
-233,0,-1.0
0,88,1.0
230,12,2.0
-18,16,1.0
-29,73,-1.0
1,11,1.0
64,20,1.0
-54,48,-1.0
13,7,1.0
116,645,-1.0
-12,275,2.0
230,4,-1.0
199,153,2.0
10,4,1.0
-224,-13,2.0
-11,39,-1.0
-237,-15,2.0
-225,118,2.0
18,69,-1.0
0,0,1.0
227,-5,2.0
229,10,-1.0
-21,13,1.0
54,59,-1.0
-218,139,-1.0
-241,0,-1.0
-99,95,-1.0
-2,22,1.0
-32,21,1.0
-225,51,-1.0
0,0,1.0
234,20,-1.0
185,32,-1.0
-143,205,2.0
43,53,1.0
2,-4,1.0
58,84,-1.0
-4,114,1.0
184,171,-1.0
37,43,-1.0
7,101,-1.0
-9,35,-1.0
-37,194,1.0
9,15,1.0
232,0,2.0
94,113,1.0
-238,-16,-1.0
-186,200,2.0
21,73,1.0
-2,9,1.0
-9,10,1.0
-15,257,2.0
70,240,2.0
224,82,-1.0
39,271,2.0
-223,-13,-1.0
-227,46,2.0
-71,52,-1.0
-168,189,-1.0
-228,92,2.0
4,8,1.0
1,129,-1.0
-11,247,-1.0
10,69,-1.0
31,43,1.0
4,130,1.0
16,34,-1.0
18,21,-1.0
165,242,-1.0
86,247,-1.0
7,11,1.0
-11,42,1.0
9,-1,1.0
-12,-2,1.0
-233,-10,-1.0
-18,256,-1.0
-47,141,-1.0
-1,10,1.0
223,11,2.0
201,141,-1.0
-235,-11,-1.0
-1,1,1.0
-138,241,-1.0
38,28,-1.0
2,-10,1.0
-92,36,-1.0
0,0,-1.0
0,0,1.0
22,27,-1.0
-206,152,-1.0
28,183,-1.0
26,38,1.0
-138,218,2.0
-233,-3,-1.0
1,-1,-1.0
2,11,-1.0
-12,18,-1.0
98,133,1.0
-207,146,-1.0
-213,132,2.0
17,15,1.0
-5,-3,1.0
-208,153,-1.0
2,0,1.0
-176,194,-1.0
0,-4,1.0
-39,55,1.0
96,104,-1.0
197,13,1.0
5,10,1.0
-38,262,-1.0
9,22,-1.0
-31,90,-1.0
97,228,-1.0
229,6,2.0
-202,172,-1.0
145,205,-1.0
40,18,-1.0
83,239,2.0
-48,270,-1.0
-235,13,2.0
-232,-3,-1.0
58,49,-1.0
25,15,-1.0
-25,180,-1.0
-81,236,-1.0
-118,232,2.0
-74,41,-1.0
-86,183,-1.0
10,20,-1.0
22,17,1.0
228,-14,-1.0
-1,113,-1.0
-15,29,-1.0
12,22,1.0
-238,50,-1.0
-190,185,-1.0
1,25,1.0
-16,201,-1.0
224,-3,2.0
31,11,-1.0
178,193,2.0
96,249,-1.0
6,4,1.0
-21,31,1.0
17,20,1.0
-175,175,-1.0
16,20,-1.0
-42,60,-1.0
-124,230,-1.0
232,4,-1.0
110,239,-1.0
-20,11,1.0
-222,138,-1.0
76,243,-1.0
-39,91,-1.0
16,18,-1.0
-237,71,2.0
228,0,-1.0
-6,38,-1.0
-18,30,-1.0
70,253,-1.0
33,91,-1.0
19,174,1.0
-1,22,1.0
-15,37,-1.0
0,0,1.0
14,8,1.0
174,180,-1.0
6,17,1.0
237,6,2.0
229,80,2.0
-228,24,-1.0
-158,205,2.0
-54,40,-1.0
217,120,-1.0
-169,251,-1.0
-179,173,-1.0
6,57,-1.0
-49,188,-1.0
0,0,1.0
42,268,-1.0
100,80,-1.0
0,0,1.0
-35,55,-1.0
-23,41,-1.0
-13,22,1.0
207,122,-1.0
-41,185,1.0
20,262,-1.0
-2,282,2.0
-1,17,1.0
-8,4,-1.0
-232,9,-1.0
223,16,-1.0
195,158,-1.0
8,18,-1.0
0,0,1.0
-15,26,1.0
-158,219,-1.0
22,24,1.0
17,61,-1.0
0,0,-1.0
-38,263,-1.0
45,85,1.0
-138,240,-1.0
-26,2,1.0
-31,23,1.0
-29,15,1.0
5,8,1.0
72,257,-1.0
-234,26,2.0
-45,132,1.0
-91,243,2.0
157,196,-1.0
218,111,-1.0
-13,13,1.0
-22,267,-1.0
-32,259,-1.0
-12,42,1.0
10,8,1.0
229,-5,-1.0
-6,4,1.0
9,10,1.0
-180,183,-1.0
34,25,-1.0
18,12,-1.0
0,0,1.0
75,133,-1.0
230,8,-1.0
-163,199,2.0
-22,23,-1.0
0,10,1.0
-5,12,1.0
-40,158,-1.0
-33,258,2.0
6,259,-1.0
-49,262,-1.0
-13,112,1.0
-147,215,-1.0
-43,107,-1.0
92,16,-1.0
7,36,1.0
18,18,-1.0
-102,141,-1.0
-233,15,2.0
18,5,1.0
-170,347,-1.0
17,1,1.0
-227,-31,-1.0
-229,-23,2.0
233,-6,-1.0
-39,48,-1.0
-130,206,-1.0
-22,250,2.0
-232,-44,2.0
-103,226,2.0
25,-6,-1.0
0,0,1.0
11,56,1.0
232,29,2.0
124,222,2.0
232,37,2.0
13,-8,-1.0
137,204,2.0
-45,1,1.0
-125,211,-1.0
17,114,-1.0
-17,253,-1.0
-10,-4,-1.0
0,0,1.0
89,88,-1.0
10,-2,1.0
17,9,-1.0
10,-5,1.0
-33,42,1.0
17,124,-1.0
-49,236,-1.0
-18,14,-1.0
49,43,-1.0
20,245,-1.0
9,71,1.0
18,-2,1.0
-25,-8,1.0
17,55,1.0
22,-6,1.0
156,195,-1.0
-44,121,1.0
170,183,-1.0
-93,116,1.0
-6,255,2.0
-64,246,-1.0
-15,-5,1.0
127,120,-1.0
25,125,1.0
43,240,-1.0
-16,0,1.0
20,3,-1.0
23,5,-1.0
0,0,1.0
-33,259,-1.0
-82,147,-1.0
-235,10,2.0
150,221,-1.0
16,20,1.0
39,34,-1.0
99,131,-1.0
45,128,1.0
-22,26,-1.0
0,0,1.0
-232,12,2.0
-50,60,-1.0
-16,18,1.0
176,191,2.0
-28,96,-1.0
-38,28,-1.0
-180,210,2.0
88,247,-1.0
124,268,-1.0
135,94,-1.0
-235,17,-1.0
0,0,-1.0
2,17,1.0
-233,18,2.0
-188,257,2.0
222,25,2.0
7,2,1.0
-9,33,1.0
175,197,2.0
-183,210,-1.0
-185,221,-1.0
-232,8,-1.0
-185,214,-1.0
223,16,2.0
10,15,1.0
21,34,-1.0
-10,23,1.0
223,31,2.0
233,58,-1.0
4,10,1.0
-28,-1,1.0
140,220,-1.0
-208,134,-1.0
2,14,1.0
75,255,-1.0
5,-1,1.0
178,193,2.0
16,-5,1.0
-4,57,-1.0
233,-11,2.0
235,21,-1.0
27,-2,1.0
28,9,1.0
138,116,-1.0
-10,79,1.0
230,19,-1.0
-176,187,-1.0
1,1,1.0
-22,-4,1.0
6,3,1.0
188,68,-1.0
6,1,1.0
222,132,-1.0
91,257,-1.0
-147,14,-1.0
-15,-6,-1.0
190,213,2.0
200,185,-1.0
-224,48,-1.0
0,0,1.0
13,-2,1.0
-200,164,2.0
0,13,1.0
-69,255,-1.0
50,82,1.0
-55,72,-1.0
-28,15,-1.0
-160,180,-1.0
12,7,1.0
-18,39,1.0
-16,136,1.0
-197,155,-1.0
-75,130,-1.0
22,116,1.0
17,-9,-1.0
201,167,2.0
113,237,-1.0
-194,206,-1.0
-37,67,1.0
21,-5,-1.0
-55,278,-1.0
91,15,-1.0
-64,258,2.0
-28,256,-1.0
-28,11,-1.0
45,243,2.0
82,242,2.0
75,238,-1.0
-11,263,-1.0
-74,263,2.0
-16,2,1.0
2,16,1.0
229,31,-1.0
33,-10,-1.0
-23,257,-1.0
-123,237,2.0
-164,196,-1.0
-239,16,2.0
17,17,1.0
-230,116,-1.0
-190,205,2.0
192,174,-1.0
-189,190,2.0
-28,-6,1.0
21,5,1.0
34,32,1.0
-105,235,-1.0
-82,262,-1.0
234,25,-1.0
61,262,-1.0
-223,74,2.0
-229,10,-1.0
21,4,1.0
-110,239,-1.0
51,75,1.0
173,180,2.0
0,64,-1.0
-4,29,1.0
56,119,1.0
238,106,-1.0
4,21,1.0
-233,78,2.0
62,246,2.0
-10,258,-1.0
87,27,-1.0
81,237,2.0
51,119,-1.0
25,-1,-1.0
-206,183,-1.0
-227,22,-1.0
2,6,-1.0
-25,-1,1.0
0,43,-1.0
-18,-10,1.0
195,176,-1.0
-5,35,1.0
-62,38,-1.0
129,215,2.0
6,145,-1.0
-22,37,-1.0
33,10,1.0
-126,61,1.0
-72,71,-1.0
-17,9,-1.0
173,73,-1.0
62,11,-1.0
0,0,1.0
-7,-1,1.0
75,240,-1.0
-126,229,-1.0
-202,137,2.0
-4,-4,1.0
145,84,1.0
-2,-10,1.0
212,19,-1.0
-1,13,1.0
-4,34,-1.0
0,0,1.0
12,1,1.0
203,162,-1.0
48,35,1.0
-229,77,-1.0
-114,225,2.0
9,9,1.0
-221,22,-1.0
12,8,-1.0
238,26,-1.0
-49,247,-1.0
141,213,-1.0
-70,147,-1.0
-1,3,1.0
-234,-6,-1.0
-2,8,1.0
9,14,1.0
-21,255,-1.0
48,22,-1.0
1,1,1.0
-87,137,-1.0
0,29,-1.0
15,255,2.0
69,121,1.0
7,15,1.0
-16,38,1.0
0,8,1.0
1,-2,1.0
2,15,1.0
-23,73,-1.0
4,0,-1.0
-5,20,-1.0
-216,151,-1.0
72,134,-1.0
-2,11,1.0
121,227,-1.0
-1,13,1.0
-39,149,-1.0
13,6,-1.0
-185,206,2.0
11,12,1.0
-6,15,1.0
206,157,-1.0
-232,-5,-1.0
0,8,1.0
80,120,-1.0
-7,16,-1.0
-54,68,1.0
-2,23,-1.0
0,7,1.0
2,8,1.0
-9,254,-1.0
89,101,1.0
-4,99,1.0
9,0,-1.0
-4,2,1.0
-9,260,-1.0
48,89,1.0
27,147,1.0
21,23,1.0
230,84,2.0
-6,7,-1.0
0,0,1.0
-216,132,-1.0
-214,146,2.0
-6,11,1.0
-1,5,-1.0
-75,68,1.0
23,70,-1.0
-235,-1,-1.0
33,73,-1.0
40,270,-1.0
115,12,-1.0
229,65,-1.0
-12,265,2.0
-151,227,2.0
203,155,-1.0
42,153,-1.0
107,7,-1.0
-6,11,1.0
-6,16,-1.0
-49,13,-1.0
85,115,-1.0
-10,13,-1.0
-55,265,-1.0
50,265,-1.0
-134,247,-1.0
153,32,-1.0
1,63,-1.0
-138,256,-1.0
-6,126,1.0
47,2,1.0
-181,99,-1.0
17,263,-1.0
-125,154,-1.0
120,43,-1.0
81,153,-1.0
36,0,-1.0
20,5,1.0
228,62,-1.0
-65,185,-1.0
97,153,1.0
67,28,-1.0
11,206,-1.0
67,256,-1.0
-13,18,1.0
-50,8,-1.0
140,106,-1.0
227,0,2.0
113,130,1.0
-50,110,-1.0
37,69,-1.0
148,204,-1.0
-230,63,-1.0
-153,120,-1.0
-235,78,-1.0
16,44,-1.0
-239,46,-1.0
2,105,-1.0
-1,-1,1.0
135,215,2.0
-2,2,1.0
-7,165,1.0
-159,227,2.0
-40,49,-1.0
22,-1,-1.0
0,259,-1.0
-154,224,2.0
-140,458,-1.0
96,256,-1.0
54,109,-1.0
-167,205,-1.0
236,56,2.0
-237,37,2.0
-145,218,-1.0
-72,46,1.0
-1,272,-1.0
26,26,-1.0
-34,16,1.0
7,16,1.0
233,89,-1.0
108,120,-1.0
57,256,-1.0
25,24,-1.0
-36,22,-1.0
20,26,1.0
34,24,-1.0
-1,20,1.0
58,46,1.0
-141,219,-1.0
126,232,2.0
-62,57,1.0
151,221,-1.0
10,16,1.0
126,38,1.0
31,34,-1.0
-85,177,1.0
142,213,-1.0
66,110,1.0
-50,46,-1.0
-151,213,-1.0
60,84,1.0
112,232,2.0
137,224,2.0
130,216,2.0
43,120,-1.0
-58,176,-1.0
233,27,-1.0
6,89,-1.0
105,237,2.0
-58,88,-1.0
-21,1,-1.0
-120,238,-1.0
229,122,-1.0
-27,25,1.0
38,262,-1.0
167,181,-1.0
-18,17,-1.0
-237,4,-1.0
61,11,-1.0
-237,2,2.0
-225,-5,2.0
-25,92,-1.0
0,0,-1.0
-229,80,2.0
64,68,-1.0
48,126,-1.0
114,232,-1.0
10,43,-1.0
-40,86,1.0
-12,0,-1.0
227,78,2.0
-225,53,2.0
-22,39,-1.0
-123,241,2.0
94,246,2.0
-22,260,-1.0
87,246,-1.0
10,65,1.0
-188,186,-1.0
232,0,2.0
-23,105,-1.0
156,57,-1.0
13,6,1.0
48,126,1.0
26,85,-1.0
1,6,1.0
118,226,-1.0
-16,1,-1.0
218,122,-1.0
152,43,1.0
11,5,-1.0
37,59,-1.0
-233,27,2.0
0,65,1.0
20,5,-1.0
-12,126,-1.0
-232,-39,-1.0
-11,-1,-1.0
0,0,-1.0
234,-1,-1.0
-230,-42,-1.0
232,1,-1.0
167,174,-1.0
76,121,-1.0
188,167,2.0
26,3,1.0
6,124,1.0
-227,-27,2.0
-9,-6,1.0
47,87,1.0
197,34,1.0
67,92,-1.0
0,0,1.0
-176,172,-1.0
-223,-36,2.0
145,203,2.0
-4,5,1.0
-48,193,-1.0
234,3,-1.0
20,38,-1.0
-17,13,-1.0
-96,455,-1.0
58,114,-1.0
-154,194,-1.0
114,219,-1.0
28,19,-1.0
-118,215,-1.0
152,208,-1.0
142,210,-1.0
-234,-39,-1.0
175,187,-1.0
-21,67,1.0
-85,236,2.0
138,216,-1.0
2,3,1.0
80,261,-1.0
223,117,-1.0
10,8,1.0
80,240,-1.0
5,1,1.0
-135,13,-1.0
0,0,-1.0
0,0,-1.0
11,84,1.0
127,242,-1.0
18,73,1.0
-7,9,1.0
229,-13,-1.0
82,244,-1.0
76,247,-1.0
-161,197,-1.0
-240,-19,2.0
-23,4,-1.0
92,238,-1.0
64,247,-1.0
233,32,-1.0
138,218,-1.0
183,185,-1.0
-6,67,1.0
27,95,-1.0
-161,196,2.0
-22,0,1.0
212,121,-1.0
233,-17,-1.0
16,1,1.0
-186,170,2.0
-11,133,-1.0
-23,78,-1.0
-55,115,1.0
116,16,1.0
-51,90,1.0
0,2,1.0
-20,2,1.0
-5,81,-1.0
-104,246,2.0
-232,27,-1.0
28,54,1.0
157,212,-1.0
135,-1,-1.0
66,244,-1.0
-11,10,1.0
28,31,-1.0
-102,238,-1.0
-234,1,-1.0
6,2,1.0
224,39,-1.0
-29,60,-1.0
237,-15,-1.0
17,-6,-1.0
0,0,1.0
169,185,-1.0
-43,120,1.0
-50,110,-1.0
39,253,-1.0
-15,4,1.0
-181,317,-1.0
-10,-4,1.0
184,168,-1.0
-45,251,-1.0
47,99,-1.0
170,187,-1.0
-118,219,-1.0
49,68,-1.0
53,245,2.0
22,85,-1.0
-91,236,-1.0
-229,-34,-1.0
-43,13,1.0
114,224,-1.0
1,162,-1.0
-42,53,1.0
-21,13,1.0
-10,-5,-1.0
-156,194,2.0
229,10,2.0
158,201,2.0
28,245,-1.0
158,204,-1.0
196,166,2.0
-64,237,-1.0
230,26,-1.0
183,34,-1.0
232,20,-1.0
137,231,-1.0
-229,-41,-1.0
-26,250,-1.0
0,-13,1.0
-194,157,-1.0
69,251,-1.0
-228,-26,2.0
34,148,-1.0
-115,-6,1.0
229,42,-1.0
5,24,-1.0
233,14,-1.0
-74,16,-1.0
-233,-33,2.0
-156,188,-1.0
7,0,1.0
167,193,2.0
154,222,-1.0
227,85,-1.0
29,6,-1.0
4,63,-1.0
17,103,1.0
-98,-13,-1.0
223,57,-1.0
9,7,1.0
-202,176,-1.0
87,264,-1.0
-197,211,2.0
-10,83,1.0
115,133,-1.0
5,270,-1.0
10,154,-1.0
18,4,-1.0
-2,160,-1.0
-235,5,-1.0
-13,53,1.0
31,17,-1.0
0,0,1.0
80,149,-1.0
37,20,-1.0
125,251,2.0
138,223,-1.0
0,0,-1.0
37,23,-1.0
0,0,-1.0
230,23,-1.0
-230,17,-1.0
224,27,2.0
26,21,-1.0
-233,18,-1.0
-16,264,2.0
-6,11,1.0
0,16,1.0
21,94,-1.0
-118,104,-1.0
-191,207,2.0
-25,10,-1.0
143,212,2.0
-239,-5,2.0
20,8,-1.0
43,85,1.0
4,273,2.0
-54,142,-1.0
17,26,1.0
-40,41,1.0
158,221,2.0
235,18,2.0
54,23,1.0
7,281,2.0
239,40,-1.0
-33,66,-1.0
131,120,1.0
4,6,1.0
-21,17,1.0
27,269,-1.0
-4,51,1.0
69,264,2.0
-33,-1,1.0
47,89,-1.0
-34,64,-1.0
-100,152,1.0
-2,-5,1.0
-20,273,-1.0
28,250,2.0
-232,10,-1.0
-21,-11,-1.0
-47,260,-1.0
-18,-8,-1.0
-201,9,1.0
-6,-6,1.0
-37,14,-1.0
39,32,-1.0
-56,119,1.0
33,41,-1.0
223,13,-1.0
34,40,-1.0
-18,57,-1.0
169,209,-1.0
-1,-2,1.0
-50,94,-1.0
2,-7,1.0
-169,194,2.0
37,6,-1.0
2,-12,1.0
7,-2,1.0
138,230,2.0
15,3,1.0
-25,263,-1.0
39,80,-1.0
25,47,-1.0
20,3,1.0
116,17,1.0
-183,179,2.0
26,4,1.0
239,21,-1.0
-12,263,-1.0
-116,238,-1.0
4,6,1.0
-216,136,2.0
-9,1,1.0
33,2,1.0
-11,169,-1.0
15,12,-1.0
0,0,1.0
-5,74,-1.0
77,257,-1.0
232,12,2.0
1,263,2.0
7,29,-1.0
4,75,-1.0
-145,225,-1.0
235,2,2.0
140,26,-1.0
1,258,2.0
71,252,-1.0
-230,0,-1.0
-20,110,-1.0
67,260,-1.0
-27,118,1.0
83,257,-1.0
49,54,-1.0
0,0,-1.0
-15,18,1.0
17,16,-1.0
100,84,-1.0
-232,-4,-1.0
135,218,-1.0
232,58,2.0
10,7,1.0
-229,0,2.0
80,243,2.0
5,12,1.0
-16,10,1.0
-25,272,-1.0
136,220,-1.0
-29,22,1.0
-1,62,-1.0
22,8,-1.0
-225,-28,-1.0
21,-1,1.0
7,88,-1.0
10,6,-1.0
-224,-17,-1.0
6,5,1.0
-235,-28,2.0
-38,79,-1.0
-29,-16,-1.0
0,0,1.0
158,248,2.0
13,-4,1.0
-7,79,1.0
227,13,2.0
11,1,1.0
178,183,-1.0
7,-4,1.0
16,0,1.0
-4,-7,-1.0
0,0,1.0
-69,273,-1.0
-2,-4,1.0
85,242,2.0
-11,253,2.0
173,174,-1.0
143,206,2.0
-9,56,1.0
116,231,2.0
-49,48,1.0
21,6,1.0
-102,229,-1.0
-124,211,2.0
229,19,-1.0
-161,184,2.0
31,17,-1.0
39,6,1.0
-23,247,2.0
9,14,1.0
105,0,1.0
190,153,2.0
-221,-29,-1.0
-92,227,-1.0
232,11,-1.0
56,234,2.0
93,66,1.0
-116,127,-1.0
-125,101,1.0
-6,256,-1.0
108,235,-1.0
23,96,-1.0
-58,43,1.0
113,145,-1.0
-49,46,1.0
-108,230,2.0
168,193,-1.0
-232,-25,2.0
13,11,-1.0
2,-6,1.0
4,4,1.0
85,245,-1.0
2,-12,1.0
-143,194,2.0
-91,230,-1.0
16,252,-1.0
151,242,2.0
-5,0,-1.0
-7,9,-1.0
93,132,1.0
107,227,-1.0
-44,247,-1.0
25,79,1.0
-65,236,-1.0
124,221,2.0
124,109,-1.0
-32,-1,1.0
-13,5,1.0
98,46,1.0
-104,85,1.0
81,240,2.0
70,119,1.0
-228,-33,2.0
132,214,-1.0
-50,243,-1.0
232,4,2.0
-161,193,-1.0
-157,200,-1.0
2,3,1.0
-158,214,2.0
-138,88,-1.0
-223,0,-1.0
23,1,-1.0
0,0,1.0
238,-13,-1.0
51,43,1.0
-56,175,1.0
173,-1,-1.0
113,104,-1.0
1,7,1.0
17,7,1.0
-142,216,2.0
-18,76,-1.0
-93,106,1.0
-4,302,2.0
11,6,1.0
-129,155,-1.0
-5,281,-1.0
-98,246,-1.0
-109,167,-1.0
165,204,-1.0
36,31,-1.0
-56,257,2.0
-161,249,2.0
-71,258,-1.0
234,1,-1.0
65,32,1.0
75,81,-1.0
-58,16,1.0
-162,201,-1.0
75,60,-1.0
20,11,1.0
-142,218,2.0
7,60,1.0
-230,-4,-1.0
0,0,1.0
125,84,1.0
-44,263,-1.0
1,83,1.0
-15,141,-1.0
12,265,-1.0
22,11,1.0
-94,118,1.0
228,22,-1.0
-4,13,-1.0
18,12,-1.0
1,1,-1.0
12,11,1.0
-235,20,-1.0
0,0,-1.0
0,0,-1.0
4,55,-1.0
-235,2,2.0
1,4,1.0
120,64,-1.0
206,153,-1.0
39,18,-1.0
-4,12,-1.0
-229,115,2.0
-151,71,-1.0
-60,265,-1.0
-143,63,-1.0
-96,48,1.0
-26,96,1.0
130,110,-1.0
-2,1,1.0
-42,88,-1.0
6,23,1.0
-146,106,1.0
202,170,-1.0
-67,59,-1.0
0,0,1.0
-213,136,-1.0
53,3,-1.0
-36,84,-1.0
13,102,-1.0
13,10,1.0
-29,52,1.0
1,26,1.0
4,15,1.0
-54,72,-1.0
-5,272,-1.0
43,99,1.0
-9,17,1.0
9,27,-1.0
234,39,2.0
-145,8,-1.0
5,63,-1.0
-22,41,-1.0
0,0,1.0
-21,18,-1.0
51,22,-1.0
0,16,1.0
26,20,-1.0
-9,18,1.0
-225,69,2.0
59,31,-1.0
-28,67,-1.0
228,17,2.0
-2,69,-1.0
-10,32,-1.0
-61,71,-1.0
-21,255,-1.0
-27,-7,-1.0
44,61,-1.0
136,69,-1.0
7,66,-1.0
-99,239,-1.0
237,50,-1.0
15,198,-1.0
58,122,1.0
234,93,2.0
-219,126,2.0
-32,-1,-1.0
136,20,1.0
230,17,-1.0
23,1,1.0
17,-6,-1.0
10,1,1.0
105,262,-1.0
100,248,-1.0
34,11,1.0
25,-8,-1.0
-145,5,-1.0
-137,67,1.0
-135,224,-1.0
66,-4,-1.0
33,27,-1.0
4,-6,1.0
22,-5,1.0
229,0,-1.0
148,229,2.0
-227,-11,2.0
227,131,-1.0
-11,40,-1.0
11,-10,1.0
229,41,2.0
32,0,1.0
5,236,-1.0
-1,53,-1.0
-225,-16,-1.0
28,19,-1.0
-43,150,1.0
7,46,-1.0
38,62,1.0
-200,157,-1.0
-206,150,-1.0
-225,0,2.0
-11,16,1.0
241,-1,2.0
-28,16,-1.0
-230,9,2.0
-43,37,-1.0
240,5,-1.0
-228,3,-1.0
10,3,1.0
-222,92,-1.0
28,15,-1.0
-4,119,1.0
5,3,1.0
11,71,-1.0
21,146,-1.0
55,263,-1.0
0,0,1.0
23,583,-1.0
2,11,1.0
189,184,-1.0
34,13,1.0
-148,229,-1.0
195,163,-1.0
9,-1,1.0
104,279,2.0
137,1,-1.0
-9,255,-1.0
37,53,1.0
194,152,-1.0
62,52,-1.0
0,0,-1.0
0,0,1.0
-7,-1,1.0
230,89,2.0
5,9,1.0
7,5,1.0
34,64,1.0
-10,261,-1.0
112,157,1.0
-154,241,-1.0
-237,-5,-1.0
0,5,1.0
-172,235,-1.0
-237,75,-1.0
5,67,-1.0
235,18,2.0
26,7,-1.0
1,50,-1.0
-118,270,-1.0
183,173,-1.0
0,99,1.0
2,10,1.0
230,50,-1.0
150,200,-1.0
234,75,-1.0
-212,151,-1.0
-169,222,-1.0
0,0,1.0
1,18,1.0
-221,143,-1.0
-235,-14,-1.0
165,201,-1.0
225,2,2.0
-176,196,2.0
17,67,-1.0
232,23,2.0
-67,50,1.0
232,6,-1.0
-27,172,1.0
-80,259,-1.0
94,243,-1.0
23,62,-1.0
-10,8,1.0
-64,100,1.0
-1,81,1.0
-10,118,1.0
-47,49,-1.0
0,0,1.0
-16,25,-1.0
0,0,1.0
20,87,1.0
156,105,1.0
131,214,2.0
29,19,1.0
-240,20,-1.0
69,236,2.0
5,4,-1.0
-237,22,-1.0
-4,20,1.0
-110,122,1.0
-85,251,2.0
-7,150,1.0
118,229,2.0
9,16,1.0
-66,264,-1.0
-7,9,-1.0
-7,55,-1.0
-161,197,-1.0
112,225,-1.0
50,56,-1.0
-132,235,2.0
162,192,-1.0
0,0,1.0
10,21,-1.0
-7,9,1.0
-136,219,-1.0
-4,122,-1.0
-5,20,1.0
-4,-6,1.0
-6,250,2.0
0,71,-1.0
-148,199,-1.0
-141,224,-1.0
0,257,-1.0
-7,11,1.0
-10,9,1.0
-16,4,-1.0
48,132,-1.0
-7,0,-1.0
-16,15,-1.0
-124,227,-1.0
-11,-2,-1.0
-1,14,-1.0
-69,268,2.0
245,70,-1.0
-15,50,1.0
235,107,-1.0
181,194,-1.0
2,6,-1.0
93,262,2.0
-142,243,-1.0
4,285,2.0
2,22,1.0
2,22,1.0
-150,217,2.0
180,194,-1.0
-207,152,-1.0
-9,36,-1.0
0,0,1.0
-7,39,-1.0
13,34,-1.0
240,29,-1.0
239,63,-1.0
15,25,1.0
5,33,-1.0
237,96,2.0
240,42,-1.0
-105,247,-1.0
9,13,1.0
12,270,-1.0
141,227,-1.0
6,88,-1.0
0,0,-1.0
125,233,2.0
-229,11,2.0
-91,247,-1.0
239,50,-1.0
1,123,-1.0
-10,48,-1.0
132,254,-1.0
-78,109,-1.0
5,44,1.0
-222,13,2.0
178,197,-1.0
-7,18,-1.0
13,12,-1.0
7,17,1.0
21,268,-1.0
4,46,-1.0
0,0,1.0
-113,233,-1.0
37,262,-1.0
-153,233,-1.0
98,251,-1.0
120,238,2.0
-225,122,-1.0
4,46,-1.0
-141,72,1.0
231,14,-1.0
-22,7,1.0
0,33,1.0
-15,27,1.0
-1,48,-1.0
25,257,2.0
-2,34,1.0
-15,147,1.0
-2,17,1.0
-96,142,-1.0
-53,94,-1.0
-5,86,-1.0
-136,270,-1.0
-1,25,1.0
-61,265,-1.0
-25,20,1.0
70,43,1.0
-16,12,1.0
-186,189,-1.0
-81,159,1.0
-13,27,-1.0
81,257,2.0
62,243,-1.0
-2,20,-1.0
184,190,2.0
-1,20,1.0
-196,151,-1.0
-6,162,1.0
-28,50,-1.0
-9,22,1.0
-32,33,-1.0
6,6,1.0
-20,26,-1.0
64,166,1.0
-238,-17,2.0
225,25,2.0
227,64,2.0
154,30,-1.0
-224,53,-1.0
-153,231,-1.0
-107,31,-1.0
15,55,-1.0
9,35,1.0
13,52,-1.0
0,0,1.0
-180,59,-1.0
-114,245,2.0
11,111,1.0
134,45,-1.0
5,50,1.0
2,45,1.0
11,36,1.0
-1,56,1.0
-233,95,-1.0
34,71,-1.0
-17,30,-1.0
53,83,1.0
0,43,-1.0
148,92,-1.0
-167,218,-1.0
54,92,-1.0
-74,143,-1.0
227,56,2.0
11,69,1.0
15,61,-1.0
218,142,-1.0
2,119,1.0
-74,56,1.0
44,101,-1.0
42,134,-1.0
67,180,-1.0
-4,31,1.0
1,21,-1.0
20,64,-1.0
28,50,-1.0
0,0,-1.0
28,-10,-1.0
210,168,-1.0
-24,20,-1.0
173,227,-1.0
75,269,-1.0
7,10,-1.0
-97,59,-1.0
-1,1,1.0
2,151,-1.0
-230,9,2.0
55,56,1.0
1,4,1.0
224,15,-1.0
89,66,-1.0
0,0,1.0
-137,220,-1.0
134,216,2.0
-108,224,-1.0
2,56,-1.0
10,17,1.0
-227,52,2.0
-54,148,1.0
125,220,2.0
189,164,-1.0
6,3,1.0
-92,146,-1.0
1,5,1.0
-98,-12,-1.0
4,-2,1.0
5,11,1.0
-134,205,2.0
11,17,-1.0
125,103,1.0
-135,213,-1.0
-87,230,2.0
20,16,-1.0
0,0,1.0
-228,5,-1.0
-224,99,-1.0
16,64,-1.0
-136,210,2.0
96,121,-1.0
74,90,1.0
86,240,2.0
-225,-13,2.0
53,72,1.0
-10,113,-1.0
0,1,1.0
29,43,1.0
36,241,-1.0
-225,-20,-1.0
74,252,2.0
-29,258,-1.0
2,8,1.0
54,257,2.0
87,243,-1.0
6,12,1.0
-148,204,-1.0
225,63,-1.0
9,1,1.0
5,5,1.0
0,8,1.0
23,43,-1.0
-145,220,-1.0
-164,233,2.0
-235,31,-1.0
-164,197,-1.0
0,0,1.0
-135,235,-1.0
-69,256,2.0
-136,216,-1.0
2,15,-1.0
-233,13,-1.0
-40,193,-1.0
-50,169,-1.0
0,0,1.0
-232,-16,-1.0
49,252,-1.0
6,59,1.0
-16,7,1.0
-164,194,-1.0
-7,62,1.0
6,11,1.0
48,126,-1.0
0,0,1.0
-119,246,-1.0
-234,17,-1.0
108,236,2.0
82,244,2.0
-115,42,-1.0
10,85,-1.0
-168,194,-1.0
17,7,1.0
229,-13,-1.0
-234,44,-1.0
49,272,-1.0
-50,269,-1.0
-28,-8,-1.0
-38,268,-1.0
-69,41,-1.0
33,18,-1.0
-168,210,2.0
154,209,-1.0
-167,218,2.0
34,20,-1.0
132,216,-1.0
-33,4,-1.0
0,0,1.0
-240,18,-1.0
26,13,-1.0
-239,69,-1.0
-212,179,2.0
237,-3,2.0
-16,542,-1.0
-25,6,1.0
-37,5,1.0
7,52,1.0
234,18,-1.0
-24,267,2.0
22,27,1.0
-37,-3,1.0
-58,48,-1.0
-7,57,-1.0
172,196,2.0
-235,4,2.0
-29,260,2.0
56,173,1.0
224,147,2.0
-239,10,-1.0
145,226,-1.0
-210,181,2.0
28,8,1.0
26,13,1.0
-23,36,1.0
54,181,1.0
-28,6,1.0
191,187,2.0
-124,227,-1.0
-28,-1,1.0
28,4,1.0
240,24,-1.0
-55,99,-1.0
34,13,1.0
21,-1,1.0
-222,132,-1.0
239,45,-1.0
116,235,2.0
-17,25,-1.0
-230,48,-1.0
-92,66,-1.0
-23,-1,1.0
29,15,1.0
-221,132,-1.0
16,42,-1.0
-22,9,-1.0
97,16,-1.0
-98,248,2.0
147,220,2.0
39,6,1.0
-229,-7,-1.0
27,1,1.0
103,96,1.0
27,1,1.0
113,132,-1.0
-56,6,-1.0
237,94,-1.0
37,8,-1.0
-233,51,2.0
-3,40,-1.0
168,235,-1.0
-107,240,2.0
-21,0,1.0
-167,211,-1.0
-210,148,-1.0
5,46,1.0
-159,218,-1.0
194,206,2.0
-4,38,-1.0
-183,229,-1.0
42,32,-1.0
-232,5,2.0
4,85,-1.0
23,29,-1.0
232,25,2.0
-54,22,1.0
-207,169,-1.0
15,27,1.0
-158,95,-1.0
-38,127,1.0
-230,13,2.0
-189,239,2.0
42,8,-1.0
20,16,1.0
-228,0,2.0
-206,200,2.0
22,23,1.0
2,8,1.0
4,155,-1.0
20,16,1.0
120,254,-1.0
-11,20,1.0
156,12,-1.0
92,254,-1.0
-13,18,1.0
223,59,-1.0
59,15,-1.0
229,22,-1.0
26,12,-1.0
0,0,1.0
-16,48,-1.0
0,0,1.0
219,133,-1.0
-91,147,-1.0
141,8,-1.0
-206,162,2.0
27,291,-1.0
-218,163,-1.0
-15,54,1.0
0,117,1.0
-227,11,2.0
-22,272,-1.0
10,25,1.0
6,99,1.0
141,21,1.0
-18,18,1.0
27,8,-1.0
1,105,-1.0
-33,320,-1.0
60,136,-1.0
-36,57,-1.0
-230,-11,-1.0
-188,151,2.0
222,46,2.0
-125,106,-1.0
125,95,1.0
7,59,1.0
-31,59,-1.0
232,24,-1.0
45,114,-1.0
170,209,-1.0
27,-10,1.0
7,71,1.0
-43,-5,1.0
-5,262,2.0
7,10,-1.0
37,84,1.0
-183,179,-1.0
-114,246,-1.0
-113,241,-1.0
-225,-22,2.0
1,-8,1.0
-5,45,-1.0
-107,10,1.0
230,6,-1.0
12,1,1.0
97,37,-1.0
230,47,-1.0
-10,-8,1.0
-136,218,-1.0
32,20,1.0
-120,20,1.0
238,16,2.0
-96,266,-1.0
-141,45,-1.0
31,51,1.0
16,-8,-1.0
-28,-1,-1.0
-49,98,1.0
-1,262,2.0
6,-13,1.0
-13,15,-1.0
5,34,-1.0
-10,139,-1.0
16,78,-1.0
-26,33,-1.0
105,242,2.0
-65,76,-1.0
-56,12,1.0
-25,260,-1.0
-7,17,1.0
89,91,1.0
-78,67,-1.0
56,75,1.0
125,102,-1.0
-1,11,-1.0
-233,16,2.0
93,34,1.0
-121,105,1.0
33,89,-1.0
29,180,1.0
-36,76,1.0
-145,216,-1.0
107,239,-1.0
-82,39,-1.0
131,223,2.0
-27,36,1.0
-66,23,1.0
-49,175,1.0
-51,68,1.0
53,6,-1.0
-217,172,-1.0
-98,248,2.0
-25,85,-1.0
188,179,-1.0
-2,22,1.0
18,29,-1.0
-6,12,1.0
45,162,1.0
-43,26,1.0
-11,18,1.0
-43,269,2.0
33,12,-1.0
2,115,-1.0
-91,84,1.0
-179,55,1.0
-89,58,-1.0
-17,26,1.0
-29,31,1.0
-20,38,-1.0
118,42,1.0
47,59,1.0
239,56,-1.0
40,116,-1.0
132,250,2.0
-21,104,1.0
-58,20,-1.0
-4,9,1.0
119,220,-1.0
-97,99,1.0
161,211,-1.0
4,5,1.0
-61,43,-1.0
-208,127,-1.0
27,5,1.0
-55,90,-1.0
-110,64,-1.0
234,32,-1.0
-6,-12,-1.0
-27,17,1.0
-7,57,-1.0
13,68,1.0
-107,132,-1.0
20,0,1.0
33,21,1.0
4,87,-1.0
-227,4,2.0
53,-2,-1.0
116,237,-1.0
169,257,-1.0
-225,77,2.0
-21,252,-1.0
223,35,2.0
-82,159,-1.0
137,74,1.0
234,80,-1.0
-212,132,-1.0
174,199,-1.0
232,36,-1.0
-157,184,2.0
237,38,-1.0
15,-8,1.0
-10,8,1.0
153,140,1.0
64,43,1.0
-188,176,-1.0
27,-6,-1.0
-43,164,-1.0
-70,256,2.0
-230,96,-1.0
54,119,-1.0
21,140,1.0
228,9,-1.0
127,240,-1.0
-225,77,2.0
-228,-7,2.0
-20,263,2.0
26,-1,-1.0
-179,176,-1.0
150,215,-1.0
54,-6,1.0
-27,-7,1.0
27,199,1.0
56,40,-1.0
-40,64,1.0
25,109,1.0
6,8,1.0
-40,96,1.0
-10,284,-1.0
-34,48,-1.0
233,109,-1.0
-18,25,1.0
23,18,1.0
43,28,-1.0
36,29,-1.0
-48,46,-1.0
0,0,1.0
13,11,1.0
-232,15,2.0
-228,127,-1.0
0,0,1.0
-20,34,-1.0
61,36,-1.0
44,50,-1.0
37,18,1.0
-40,96,1.0
59,335,-1.0
-20,68,1.0
-13,21,-1.0
4,46,1.0
98,248,-1.0
-229,21,2.0
33,54,-1.0
-34,85,-1.0
-230,58,2.0
59,20,-1.0
20,22,1.0
4,16,1.0
-5,11,1.0
235,47,2.0
5,20,1.0
45,32,-1.0
-22,286,2.0
-20,117,1.0
18,63,-1.0
230,44,2.0
203,185,2.0
157,218,2.0
69,-2,1.0
-216,142,2.0
17,-5,1.0
-228,-27,-1.0
184,178,2.0
47,9,-1.0
-17,263,-1.0
10,3,1.0
4,30,-1.0
-33,4,1.0
-10,-4,1.0
-210,152,-1.0
115,41,1.0
230,17,-1.0
238,13,2.0
190,167,2.0
51,31,1.0
38,83,-1.0
-150,10,-1.0
77,116,-1.0
-85,245,-1.0
-218,109,-1.0
100,5,1.0
-78,-11,-1.0
-92,241,2.0
-228,77,2.0
-232,20,-1.0
232,-25,-1.0
-70,15,-1.0
21,3,-1.0
22,1,-1.0
-33,-2,-1.0
61,0,1.0
-9,1,1.0
-232,-12,-1.0
32,5,-1.0
5,-2,-1.0
22,-7,-1.0
179,222,2.0
-230,101,-1.0
13,-1,1.0
-235,1,-1.0
-225,-12,-1.0
22,94,-1.0
-229,-38,-1.0
-44,-7,-1.0
227,0,-1.0
188,578,-1.0
-80,247,-1.0
-53,12,1.0
-1,17,-1.0
-56,-13,-1.0
-13,13,-1.0
-186,197,-1.0
-202,163,2.0
228,-22,-1.0
-36,34,-1.0
-1,5,1.0
-103,247,-1.0
-188,168,-1.0
2,11,1.0
124,237,-1.0
-31,6,-1.0
-6,16,-1.0
225,-35,-1.0
229,64,-1.0
137,220,2.0
-210,164,-1.0
229,2,-1.0
-230,-13,-1.0
-1,20,1.0
-23,15,-1.0
0,0,-1.0
-47,6,-1.0
0,12,1.0
16,-3,1.0
-125,239,-1.0
-211,449,-1.0
-103,236,2.0
141,-10,-1.0
4,29,1.0
-232,95,-1.0
-4,15,1.0
61,-4,-1.0
45,100,1.0
-40,274,-1.0
-192,175,-1.0
12,-1,1.0
-50,11,-1.0
-7,20,1.0
224,1,-1.0
-6,27,1.0
158,211,-1.0
17,10,1.0
20,39,1.0
-130,239,-1.0
-1,44,-1.0
28,34,1.0
197,147,2.0
179,197,2.0
34,37,-1.0
-234,20,2.0
-235,7,2.0
-158,222,-1.0
-192,180,-1.0
-150,46,1.0
20,11,-1.0
157,211,2.0
196,172,-1.0
232,31,-1.0
10,13,-1.0
-45,285,-1.0
18,52,1.0
223,49,-1.0
4,4,-1.0
113,20,1.0
148,222,2.0
17,21,1.0
-238,25,2.0
206,163,-1.0
31,22,-1.0
-13,22,1.0
-232,43,-1.0
2,13,1.0
1,20,-1.0
186,184,-1.0
-241,12,2.0
66,16,1.0
176,195,-1.0
40,28,-1.0
227,18,2.0
-13,78,-1.0
189,162,-1.0
-102,273,-1.0
-23,21,1.0
-27,125,-1.0
17,17,-1.0
-43,113,-1.0
-56,138,1.0
15,107,-1.0
225,36,-1.0
26,20,1.0
222,8,2.0
6,74,-1.0
-229,20,-1.0
-28,26,-1.0
-26,34,1.0
-194,204,2.0
159,216,-1.0
-15,88,1.0
9,-6,1.0
138,122,1.0
2,258,2.0
-21,14,-1.0
29,260,-1.0
179,172,2.0
229,19,-1.0
-17,4,1.0
179,216,2.0
109,246,2.0
5,-6,1.0
185,182,2.0
-18,137,1.0
151,141,1.0
4,-4,1.0
-43,26,-1.0
212,138,2.0
157,184,-1.0
223,90,-1.0
-224,-17,-1.0
56,-16,-1.0
230,8,-1.0
-34,32,1.0
-93,232,2.0
229,0,-1.0
-207,155,-1.0
227,19,2.0
-196,152,2.0
6,4,1.0
-132,211,2.0
124,242,2.0
9,21,-1.0
26,10,1.0
-184,172,-1.0
-134,27,-1.0
-5,-5,1.0
-6,30,1.0
-9,-10,-1.0
89,4,-1.0
-5,82,-1.0
-2,10,1.0
15,6,1.0
246,94,2.0
43,251,-1.0
-93,-10,1.0
125,245,-1.0
29,0,1.0
-61,8,1.0
-229,56,2.0
17,1,1.0
-37,22,-1.0
-27,15,-1.0
31,100,1.0
-189,62,-1.0
16,1,-1.0
163,215,2.0
72,243,2.0
69,258,-1.0
0,261,2.0
-180,167,-1.0
22,5,-1.0
-45,49,-1.0
195,200,2.0
-33,-4,-1.0
124,239,-1.0
5,6,1.0
100,57,-1.0
50,241,2.0
118,250,-1.0
16,4,1.0
-9,4,1.0
18,9,1.0
-227,37,-1.0
-230,6,-1.0
40,17,-1.0
-21,209,-1.0
156,204,-1.0
66,250,-1.0
-188,294,-1.0
-127,149,1.0
7,258,-1.0
-244,12,-1.0
23,5,-1.0
-183,223,2.0
-5,10,1.0
-13,146,1.0
59,237,-1.0
23,6,-1.0
5,95,-1.0
-10,258,-1.0
-22,2,1.0
47,23,1.0
227,12,2.0
223,95,-1.0
2,18,-1.0
-222,157,-1.0
82,4,-1.0
219,107,2.0
224,36,2.0
-5,42,1.0
5,8,1.0
4,4,1.0
-20,20,1.0
-81,154,-1.0
227,97,2.0
-11,7,1.0
199,157,-1.0
29,23,-1.0
69,254,-1.0
-2,23,1.0
18,10,-1.0
-239,70,-1.0
-224,134,-1.0
11,264,2.0
17,7,1.0
-153,223,-1.0
5,31,1.0
-54,206,-1.0
-237,10,2.0
-17,12,1.0
-2,33,1.0
86,6,-1.0
-20,48,-1.0
124,136,-1.0
-112,253,-1.0
-33,88,-1.0
-45,159,-1.0
-56,39,-1.0
164,117,-1.0
-235,31,-1.0
-17,274,-1.0
227,33,-1.0
-7,270,-1.0
-11,67,-1.0
-28,50,1.0
18,13,1.0
188,172,-1.0
-102,254,-1.0
48,37,-1.0
-4,15,1.0
16,71,-1.0
-225,65,2.0
-15,23,-1.0
21,5,-1.0
223,18,2.0
17,13,1.0
9,21,1.0
-10,18,1.0
115,243,2.0
228,54,2.0
11,34,-1.0
0,0,1.0
217,116,-1.0
0,13,1.0
-99,91,1.0
230,11,2.0
51,258,-1.0
-37,104,-1.0
-159,42,1.0
33,70,-1.0
93,133,-1.0
122,40,1.0
17,74,-1.0
-74,252,-1.0
10,10,1.0
-25,18,-1.0
10,104,-1.0
156,561,-1.0
16,-4,1.0
-93,240,-1.0
-11,0,1.0
-87,237,2.0
-238,-1,-1.0
36,-4,1.0
-196,141,2.0
20,21,-1.0
-20,-6,1.0
-113,-22,-1.0
234,66,2.0
0,1,1.0
23,-2,1.0
2,116,-1.0
-203,135,2.0
-224,104,-1.0
-16,281,-1.0
28,20,1.0
47,32,-1.0
-32,64,-1.0
-11,89,-1.0
124,261,2.0
-199,198,-1.0
15,0,1.0
184,192,2.0
-38,141,-1.0
38,21,-1.0
240,52,2.0
-62,-7,-1.0
16,4,1.0
-233,-15,-1.0
-13,-7,1.0
219,134,-1.0
-43,87,1.0
77,250,-1.0
-76,-11,-1.0
38,89,1.0
-233,57,-1.0
-164,197,-1.0
11,-4,1.0
159,235,-1.0
27,-4,-1.0
170,216,-1.0
161,195,-1.0
-10,-4,1.0
-10,61,-1.0
-17,14,1.0
118,10,-1.0
-48,95,1.0
32,137,-1.0
186,169,2.0
234,-9,-1.0
120,232,-1.0
21,17,-1.0
-97,243,2.0
39,134,-1.0
-34,58,1.0
-145,228,-1.0
-2,0,1.0
13,4,1.0
15,-3,1.0
116,227,2.0
183,180,2.0
18,8,-1.0
17,13,-1.0
-29,259,-1.0
-116,230,-1.0
-125,227,-1.0
112,286,-1.0
-125,218,-1.0
-121,225,-1.0
17,74,-1.0
-142,243,-1.0
229,-14,-1.0
31,123,-1.0
0,0,-1.0
0,0,1.0
118,230,2.0
2,18,1.0
-2,22,1.0
-5,207,-1.0
0,0,-1.0
4,15,1.0
-172,191,-1.0
12,96,1.0
229,-21,2.0
4,12,1.0
-11,118,-1.0
32,4,-1.0
-5,10,1.0
152,204,2.0
229,-11,2.0
-22,-2,-1.0
48,48,1.0
13,0,1.0
-164,183,-1.0
16,141,-1.0
-210,127,-1.0
-206,134,-1.0
10,22,1.0
22,245,2.0
-16,1,1.0
-21,67,-1.0
22,5,-1.0
10,3,1.0
11,9,1.0
-200,148,-1.0
-25,40,-1.0
12,-5,1.0
-107,225,-1.0
-16,0,-1.0
38,66,1.0
-4,0,1.0
92,266,2.0
-114,51,-1.0
22,47,-1.0
0,0,1.0
11,-1,1.0
-2,66,-1.0
-229,-33,2.0
96,110,-1.0
18,3,1.0
-229,-33,-1.0
-2,-1,1.0
-9,-4,1.0
4,46,-1.0
0,0,1.0
-5,-8,1.0
232,63,2.0
9,56,-1.0
-13,9,1.0
-25,19,1.0
0,-6,1.0
-96,117,1.0
230,-5,2.0
150,22,1.0
-58,38,1.0
-123,-8,1.0
-129,113,-1.0
12,-11,1.0
-224,-7,-1.0
56,73,1.0
159,208,2.0
31,4,1.0
-43,119,1.0
13,263,-1.0
115,242,2.0
-81,247,-1.0
4,3,1.0
234,4,-1.0
200,166,-1.0
-13,-2,1.0
87,80,-1.0
33,276,-1.0
-224,-12,-1.0
222,-2,-1.0
12,189,-1.0
26,-2,1.0
1,-4,1.0
-192,143,2.0
-224,22,2.0
48,111,1.0
60,241,2.0
-23,85,-1.0
27,20,-1.0
-225,-37,-1.0
-28,-1,1.0
85,251,-1.0
227,42,2.0
53,257,-1.0
232,41,-1.0
72,253,-1.0
161,216,2.0
-9,23,1.0
-192,179,2.0
-9,26,-1.0
-234,1,-1.0
7,22,1.0
-9,25,-1.0
7,23,1.0
-83,34,1.0
-228,100,2.0
151,230,-1.0
25,25,-1.0
23,25,-1.0
-12,277,-1.0
0,11,1.0
148,231,2.0
-183,193,-1.0
232,53,-1.0
230,34,-1.0
-5,95,1.0
-123,260,-1.0
-123,256,-1.0
-142,34,-1.0
18,29,-1.0
9,15,1.0
-4,48,1.0
74,18,-1.0
31,54,-1.0
26,34,-1.0
-39,32,-1.0
-192,190,2.0
225,21,-1.0
-17,71,-1.0
188,183,-1.0
-224,25,-1.0
234,-15,-1.0
2,11,1.0
234,-10,2.0
-50,69,-1.0
6,49,-1.0
-44,256,-1.0
17,7,1.0
-115,231,-1.0
-28,267,-1.0
-4,58,-1.0
201,151,2.0
-25,11,1.0
162,210,-1.0
131,220,2.0
5,5,1.0
4,-8,1.0
-233,2,2.0
135,116,-1.0
17,12,-1.0
-38,96,-1.0
-13,123,-1.0
-130,133,-1.0
-27,20,-1.0
233,-10,-1.0
-26,21,1.0
-112,238,-1.0
-203,79,-1.0
15,8,1.0
23,67,-1.0
2,17,-1.0
21,13,-1.0
36,60,1.0
-59,74,1.0
0,17,1.0
-119,228,-1.0
-69,46,-1.0
-92,48,1.0
23,31,-1.0
196,-5,-1.0
0,113,1.0
0,5,-1.0
86,155,1.0
-181,183,2.0
25,31,-1.0
6,263,-1.0
34,48,-1.0
-47,93,1.0
11,9,1.0
152,27,-1.0
0,0,-1.0
112,75,-1.0
10,113,1.0
28,-6,-1.0
-4,4,1.0
-4,8,1.0
55,93,-1.0
66,247,2.0
13,-1,1.0
228,10,2.0
-2,13,1.0
11,74,-1.0
-235,-1,-1.0
-16,3,1.0
156,190,-1.0
112,224,-1.0
-2,251,-1.0
-13,3,1.0
143,216,2.0
6,255,2.0
4,-2,1.0
120,225,-1.0
131,211,2.0
89,242,-1.0
-180,172,2.0
213,129,2.0
21,13,1.0
-55,246,-1.0
5,8,1.0
-77,59,-1.0
-60,30,1.0
-131,209,-1.0
45,104,1.0
21,14,-1.0
-147,156,-1.0
6,14,1.0
6,-10,1.0
120,236,-1.0
2,-6,-1.0
118,260,-1.0
227,14,2.0
37,164,-1.0
-12,30,-1.0
6,6,1.0
-229,2,-1.0
53,63,1.0
-200,140,2.0
65,131,1.0
-2,19,-1.0
-2,0,1.0
-229,-7,2.0
0,19,-1.0
2,22,-1.0
-16,20,1.0
0,5,1.0
230,16,-1.0
-6,16,-1.0
-1,11,1.0
-2,21,-1.0
0,0,1.0
178,237,2.0
-176,172,-1.0
136,232,-1.0
-4,9,1.0
39,96,-1.0
0,0,-1.0
55,199,1.0
227,84,-1.0
119,62,1.0
65,152,1.0
6,24,-1.0
154,201,-1.0
143,219,-1.0
4,21,-1.0
208,47,1.0
138,208,2.0
-2,22,1.0
-54,27,-1.0
-228,-6,2.0
10,27,1.0
-2,620,2.0
-49,100,1.0
21,5,-1.0
221,16,-1.0
18,257,-1.0
181,173,2.0
225,-14,2.0
-162,189,-1.0
29,73,1.0
18,139,1.0
-159,217,-1.0
-18,5,1.0
173,185,-1.0
-28,159,-1.0
221,-6,-1.0
138,246,-1.0
-238,-9,-1.0
-124,244,2.0
-142,214,2.0
-33,48,-1.0
-229,42,-1.0
-5,71,-1.0
0,0,-1.0
-104,26,-1.0
-232,85,-1.0
-32,7,-1.0
-233,20,-1.0
-65,246,-1.0
228,-8,-1.0
-39,-11,-1.0
2,1,1.0
-207,146,-1.0
126,220,-1.0
158,196,2.0
1,4,1.0
-2,1,1.0
11,11,1.0
-234,-12,2.0
11,13,-1.0
-93,159,-1.0
38,117,1.0
140,225,-1.0
-136,231,2.0
31,72,1.0
-61,152,-1.0
-125,236,2.0
-59,205,-1.0
-11,15,-1.0
51,51,1.0
233,30,-1.0
26,253,-1.0
-9,5,1.0
232,66,-1.0
-233,-1,2.0
20,-2,1.0
175,435,-1.0
163,219,-1.0
-153,209,2.0
-25,258,-1.0
-6,20,1.0
0,197,-1.0
2,19,1.0
11,66,-1.0
-185,164,-1.0
-25,143,1.0
-15,119,1.0
143,226,-1.0
-2,262,-1.0
5,5,1.0
-102,236,-1.0
-45,32,-1.0
-147,208,-1.0
6,13,-1.0
-22,16,-1.0
-150,219,2.0
-21,30,-1.0
4,62,-1.0
194,165,2.0
10,0,-1.0
-170,38,-1.0
-16,76,-1.0
9,16,1.0
-7,29,1.0
2,269,-1.0
164,199,-1.0
229,62,-1.0
-70,130,-1.0
-23,78,1.0
6,212,-1.0
32,55,-1.0
5,65,-1.0
232,39,-1.0
13,8,1.0
4,17,1.0
230,44,-1.0
-4,34,1.0
151,-4,-1.0
20,33,-1.0
-172,202,-1.0
142,226,-1.0
7,132,1.0
98,246,2.0
13,18,1.0
6,31,-1.0
-200,162,-1.0
18,23,1.0
32,253,-1.0
43,21,1.0
51,254,-1.0
-126,213,-1.0
3,67,1.0
-190,33,1.0
5,25,-1.0
2,10,-1.0
207,91,-1.0
170,187,-1.0
229,1,2.0
7,159,-1.0
229,5,-1.0
25,15,1.0
-140,204,-1.0
-62,142,-1.0
152,208,-1.0
-202,161,-1.0
-13,82,-1.0
232,6,2.0
-60,-5,1.0
2,-10,1.0
140,229,-1.0
51,0,1.0
-17,27,-1.0
0,0,-1.0
22,-6,1.0
-7,25,1.0
13,-7,1.0
88,183,-1.0
-38,21,1.0
27,-2,1.0
-37,-2,-1.0
125,292,-1.0
36,103,-1.0
-178,189,-1.0
-186,148,-1.0
99,253,-1.0
25,19,-1.0
-135,-2,-1.0
-153,215,-1.0
-230,-4,-1.0
201,241,2.0
191,220,-1.0
-17,-8,1.0
26,30,-1.0
-16,26,-1.0
15,4,-1.0
13,-7,1.0
-213,140,-1.0
-202,166,-1.0
-2,-7,1.0
-3,117,1.0
-36,20,-1.0
39,3,1.0
-121,129,1.0
-32,93,-1.0
4,0,1.0
34,21,-1.0
39,66,1.0
53,71,1.0
-47,19,-1.0
40,71,-1.0
-2,8,1.0
-55,71,-1.0
-77,142,-1.0
0,0,-1.0
0,6,1.0
-227,16,-1.0
-39,267,2.0
58,120,-1.0
221,22,2.0
-6,42,1.0
-48,117,1.0
234,29,2.0
1,10,1.0
-29,42,1.0
-26,1,1.0
11,21,1.0
-207,184,2.0
-38,130,1.0
15,8,1.0
-76,95,-1.0
126,25,-1.0
0,18,1.0
161,205,2.0
-113,36,-1.0
-184,247,-1.0
210,144,-1.0
-2,23,1.0
197,175,2.0
-36,25,-1.0
123,222,-1.0
5,8,1.0
40,8,-1.0
10,18,1.0
199,168,2.0
18,33,1.0
-2,25,1.0
-183,189,-1.0
43,281,-1.0
-13,36,1.0
-5,46,1.0
32,26,-1.0
-1,26,1.0
118,27,1.0
147,226,-1.0
180,28,-1.0
16,34,-1.0
22,272,-1.0
-6,15,1.0
2,31,1.0
-22,13,-1.0
97,238,-1.0
-17,1,1.0
6,48,1.0
-18,217,-1.0
1,49,1.0
-45,260,-1.0
-50,249,2.0
-154,209,-1.0
229,41,-1.0
202,143,-1.0
15,20,1.0
10,23,1.0
45,1,1.0
80,242,2.0
108,231,-1.0
56,249,-1.0
-228,10,-1.0
219,116,-1.0
0,0,1.0
32,18,-1.0
-66,91,-1.0
-21,96,-1.0
-143,243,-1.0
-5,52,1.0
11,32,-1.0
22,31,1.0
-234,-10,2.0
-13,32,1.0
127,238,-1.0
1,11,1.0
5,31,1.0
-163,228,-1.0
54,47,-1.0
-23,7,1.0
85,68,-1.0
227,63,2.0
-59,238,-1.0
25,258,-1.0
92,253,-1.0
89,243,2.0
-86,141,-1.0
-26,6,1.0
219,112,-1.0
114,2,-1.0
213,121,2.0
-48,7,-1.0
21,16,-1.0
-58,255,2.0
13,37,1.0
238,5,2.0
-112,239,-1.0
-11,16,1.0
34,47,1.0
-9,269,-1.0
-124,222,-1.0
18,51,-1.0
-1,47,-1.0
-131,227,-1.0
-99,125,-1.0
-222,38,2.0
123,239,-1.0
49,43,-1.0
102,108,-1.0
-29,36,-1.0
26,11,1.0
69,250,2.0
-196,185,-1.0
-12,677,-1.0
-125,245,-1.0
27,25,-1.0
176,193,-1.0
-219,125,2.0
23,17,1.0
-25,22,-1.0
18,11,1.0
-6,62,-1.0
0,0,-1.0
31,31,1.0
-196,176,-1.0
-221,-8,-1.0
36,68,1.0
18,84,-1.0
43,263,-1.0
-157,214,-1.0
98,243,2.0
53,94,-1.0
-174,192,-1.0
-39,42,-1.0
217,125,-1.0
31,3,-1.0
-21,50,1.0
-232,10,2.0
-51,75,-1.0
-9,17,-1.0
-195,137,-1.0
42,66,-1.0
190,180,-1.0
-185,159,-1.0
-29,253,2.0
-223,35,-1.0
-125,20,1.0
94,1,-1.0
20,-2,1.0
237,3,-1.0
-126,239,-1.0
219,135,2.0
-196,140,2.0
237,68,-1.0
-222,-22,-1.0
20,16,-1.0
-6,-6,1.0
-18,-8,1.0
-225,8,-1.0
9,-4,1.0
214,199,-1.0
-229,-4,-1.0
65,28,1.0
179,185,-1.0
183,208,-1.0
-20,-4,1.0
9,-8,1.0
237,25,2.0
-112,232,-1.0
146,209,-1.0
87,-13,1.0
-1,-1,1.0
-159,205,2.0
72,90,-1.0
39,4,-1.0
-232,83,-1.0
-170,183,-1.0
-81,151,-1.0
-25,40,-1.0
-2,4,1.0
-186,182,-1.0
-163,198,2.0
-4,85,1.0
-4,66,1.0
22,0,1.0
-227,90,-1.0
227,84,-1.0
29,6,-1.0
36,13,-1.0
-4,15,1.0
230,4,2.0
11,22,1.0
233,16,-1.0
232,-3,2.0
-230,10,-1.0
-39,33,-1.0
-1,13,1.0
-44,81,-1.0
-141,228,-1.0
229,20,-1.0
18,168,-1.0
-18,15,1.0
-119,99,-1.0
-21,38,-1.0
56,33,-1.0
-4,34,-1.0
-29,44,-1.0
-47,65,-1.0
-123,295,-1.0
-59,270,-1.0
-27,48,-1.0
167,206,2.0
-34,16,-1.0
235,29,2.0
-152,259,2.0
53,44,-1.0
34,31,-1.0
-233,23,-1.0
-235,22,2.0
-147,243,2.0
-232,15,-1.0
12,22,1.0
16,10,-1.0
0,0,-1.0
-195,196,-1.0
22,15,1.0
21,29,1.0
22,21,-1.0
-116,144,1.0
36,42,1.0
-205,184,2.0
20,10,1.0
21,7,1.0
-43,4,-1.0
2,26,-1.0
-55,117,-1.0
-192,175,-1.0
126,163,-1.0
-15,164,1.0
225,26,-1.0
5,274,-1.0
151,132,-1.0
38,18,-1.0
17,295,-1.0
-201,190,-1.0
21,8,1.0
188,206,-1.0
-237,18,-1.0
-148,372,-1.0
0,11,1.0
-190,211,2.0
4,18,1.0
44,10,1.0
-100,273,-1.0
-1,18,1.0
168,197,2.0
25,13,-1.0
53,110,1.0
5,12,1.0
4,20,1.0
-12,13,-1.0
65,7,1.0
-232,25,2.0
232,78,2.0
235,23,2.0
10,259,-1.0
23,7,1.0
32,18,-1.0
36,6,1.0
-235,22,2.0
-167,268,-1.0
147,223,-1.0
-192,566,-1.0
-146,58,-1.0
11,-5,1.0
99,-4,-1.0
1,-13,1.0
0,261,2.0
40,1,-1.0
45,87,1.0
-145,211,2.0
-15,-8,-1.0
132,264,2.0
-178,179,-1.0
0,0,-1.0
5,-5,1.0
-224,-2,-1.0
0,0,1.0
43,5,-1.0
0,-5,1.0
27,-5,-1.0
36,9,-1.0
-40,43,-1.0
131,119,1.0
136,137,-1.0
121,120,-1.0
-229,89,-1.0
-223,84,-1.0
-22,247,-1.0
-183,183,2.0
-43,64,-1.0
0,0,1.0
-32,16,1.0
18,-1,-1.0
62,66,1.0
-219,143,-1.0
-164,20,-1.0
9,-1,1.0
44,73,1.0
-34,47,-1.0
55,277,-1.0
0,-15,1.0
-49,68,-1.0
-228,9,2.0
31,-2,1.0
-175,220,-1.0
113,241,-1.0
20,81,-1.0
-141,94,-1.0
99,248,2.0
-225,5,2.0
-18,25,-1.0
4,10,1.0
-10,25,-1.0
-25,-4,1.0
-131,251,-1.0
-189,181,2.0
18,29,-1.0
-232,-16,-1.0
233,7,-1.0
-39,39,-1.0
-1,22,-1.0
80,80,1.0
211,172,-1.0
13,5,1.0
38,8,-1.0
244,-13,2.0
-86,102,-1.0
1,32,1.0
-162,214,-1.0
-206,158,-1.0
37,42,1.0
6,46,-1.0
25,44,-1.0
-192,172,2.0
-38,85,-1.0
-140,105,1.0
-163,217,-1.0
42,12,1.0
232,131,-1.0
23,84,-1.0
-86,264,-1.0
-2,6,1.0
39,158,-1.0
-2,11,1.0
-48,38,-1.0
-40,8,1.0
-60,83,-1.0
-4,13,1.0
185,193,-1.0
-48,69,1.0
47,63,1.0
-6,248,2.0
-29,251,2.0
-161,187,-1.0
-49,84,-1.0
-38,78,-1.0
138,216,-1.0
0,0,1.0
-6,83,-1.0
107,227,-1.0
6,14,-1.0
31,34,-1.0
-20,87,-1.0
230,5,-1.0
16,11,1.0
-72,25,1.0
23,17,-1.0
-94,141,1.0
-44,27,-1.0
-4,258,-1.0
-48,72,-1.0
-22,9,1.0
-241,26,-1.0
-156,210,-1.0
-75,246,-1.0
-173,182,-1.0
-163,197,-1.0
-237,11,2.0
10,22,1.0
-38,250,-1.0
18,5,1.0
-72,243,2.0
-15,6,1.0
-13,5,1.0
23,256,-1.0
36,36,-1.0
-194,171,-1.0
-16,54,1.0
16,50,1.0
-51,118,-1.0
26,26,-1.0
17,149,1.0
66,251,-1.0
-161,200,2.0
100,10,1.0
-4,12,1.0
83,102,1.0
100,116,-1.0
-143,215,-1.0
-7,4,-1.0
16,15,-1.0
-71,117,1.0
-124,222,-1.0
137,222,-1.0
-2,55,-1.0
7,-4,1.0
137,216,2.0
-127,223,2.0
21,6,1.0
21,64,1.0
-5,137,-1.0
-37,262,-1.0
-134,221,-1.0
13,64,1.0
-36,263,-1.0
153,210,2.0
78,142,1.0
-34,216,-1.0
-178,183,-1.0
110,239,-1.0
-183,176,-1.0
15,10,-1.0
184,174,-1.0
115,4,-1.0
29,86,1.0
12,100,-1.0
-140,210,2.0
39,52,1.0
-72,36,-1.0
233,75,-1.0
25,399,-1.0
10,255,-1.0
27,13,-1.0
7,16,1.0
9,11,1.0
137,208,-1.0
26,92,1.0
37,130,1.0
232,5,2.0
159,231,2.0
-97,230,-1.0
233,62,2.0
234,32,-1.0
2,141,1.0
-230,-4,-1.0
-136,209,2.0
21,29,1.0
70,240,-1.0
146,216,-1.0
102,239,-1.0
-233,-23,2.0
-92,41,-1.0
29,-5,-1.0
4,14,1.0
17,69,-1.0
80,251,-1.0
22,20,1.0
-15,47,-1.0
36,255,-1.0
56,47,1.0
20,83,1.0
-1,184,-1.0
97,62,1.0
65,113,-1.0
118,120,-1.0
-190,156,-1.0
11,5,1.0
162,216,-1.0
142,132,-1.0
-26,48,-1.0
-48,-18,1.0
-201,47,-1.0
36,63,-1.0
-17,-6,1.0
212,141,-1.0
-17,-6,1.0
237,-12,2.0
-36,57,-1.0
-18,13,-1.0
0,0,-1.0
-53,101,1.0
25,-6,1.0
-212,134,-1.0
-2,-13,1.0
0,-8,1.0
176,183,-1.0
17,-5,1.0
206,211,-1.0
23,177,-1.0
12,-1,1.0
-18,-7,1.0
114,121,1.0
56,14,1.0
-42,19,-1.0
185,0,1.0
-162,194,-1.0
93,237,2.0
235,8,-1.0
-38,245,-1.0
6,62,-1.0
142,4,-1.0
233,-6,-1.0
25,-1,-1.0
-107,235,-1.0
72,16,1.0
-36,14,1.0
-9,-7,1.0
39,-12,-1.0
-163,201,2.0
4,-7,1.0
180,199,2.0
-17,268,2.0
25,26,-1.0
161,225,-1.0
162,220,2.0
131,37,-1.0
-94,265,-1.0
4,15,1.0
-208,185,-1.0
5,21,-1.0
0,0,-1.0
-12,67,-1.0
0,0,1.0
-179,205,-1.0
195,169,-1.0
173,189,-1.0
10,94,-1.0
-1,22,1.0
-12,73,-1.0
-173,223,2.0
207,173,-1.0
135,420,-1.0
13,12,1.0
-145,265,-1.0
-153,244,-1.0
-15,15,1.0
-2,18,1.0
22,28,1.0
-207,189,2.0
2,286,2.0
-178,220,2.0
-233,11,-1.0
32,69,-1.0
-186,191,-1.0
186,186,-1.0
22,88,1.0
-17,31,-1.0
-235,37,2.0
-232,32,2.0
16,28,-1.0
26,12,1.0
-228,10,-1.0
203,142,2.0
4,-4,-1.0
213,116,-1.0
162,205,2.0
-157,226,-1.0
-58,18,-1.0
-2,0,1.0
-234,57,2.0
75,199,-1.0
-232,95,-1.0
-153,216,-1.0
-94,142,-1.0
-32,5,1.0
12,4,-1.0
-1,55,-1.0
44,43,1.0
2,2,1.0
-44,295,-1.0
170,218,-1.0
137,221,-1.0
141,10,-1.0
93,251,2.0
-11,100,-1.0
5,1,1.0
129,13,-1.0
-174,191,2.0
-190,184,-1.0
76,256,-1.0
5,4,1.0
6,4,1.0
-127,121,1.0
-131,248,-1.0
4,99,-1.0
230,6,2.0
234,57,2.0
-100,53,-1.0
-157,212,-1.0
88,242,2.0
-27,62,-1.0
-99,265,-1.0
-134,226,2.0
39,39,-1.0
-207,147,-1.0
176,200,-1.0
-25,15,-1.0
-5,65,1.0
-71,22,1.0
-214,124,2.0
59,24,1.0
-15,4,1.0
-7,-7,1.0
-43,267,2.0
20,267,-1.0
233,-12,-1.0
60,17,-1.0
-186,179,-1.0
-234,73,-1.0
-69,180,-1.0
4,5,1.0
31,5,-1.0
192,173,-1.0
-11,1,1.0
-13,120,-1.0
66,35,1.0
232,43,-1.0
69,101,1.0
232,-8,-1.0
38,79,1.0
-92,239,-1.0
-230,-10,-1.0
4,5,1.0
-99,231,-1.0
25,0,-1.0
-23,6,-1.0
237,5,-1.0
0,0,1.0
119,40,1.0
-56,263,2.0
59,13,1.0
-5,63,-1.0
239,72,-1.0
-22,62,-1.0
-140,13,-1.0
-199,141,-1.0
32,63,-1.0
-208,153,2.0
42,0,-1.0
7,-4,1.0
-4,-5,1.0
158,218,-1.0
-161,206,-1.0
10,-2,1.0
25,5,1.0
162,20,1.0
150,211,-1.0
197,192,-1.0
237,0,-1.0
29,-13,1.0
37,-1,1.0
221,132,2.0
6,184,-1.0
120,250,2.0
27,0,-1.0
-43,14,1.0
188,209,-1.0
10,10,1.0
205,194,-1.0
11,-6,1.0
-22,1,1.0
223,115,-1.0
232,9,-1.0
-197,162,2.0
29,9,-1.0
-207,148,2.0
-50,96,-1.0
38,8,-1.0
0,0,-1.0
-43,131,-1.0
53,72,-1.0
-4,0,1.0
-210,122,-1.0
18,-2,1.0
94,68,1.0
-13,1,1.0
-100,84,-1.0
-23,50,-1.0
222,136,-1.0
-65,262,-1.0
191,152,2.0
-223,155,2.0
203,148,2.0
-112,251,-1.0
47,269,-1.0
29,5,-1.0
229,20,-1.0
-4,17,1.0
13,11,1.0
143,226,-1.0
-197,200,-1.0
230,33,2.0
47,260,-1.0
158,21,-1.0
0,0,-1.0
0,6,1.0
33,26,-1.0
-188,183,-1.0
12,12,1.0
77,341,-1.0
9,17,1.0
5,159,1.0
26,6,-1.0
29,16,-1.0
23,10,1.0
190,200,-1.0
0,0,1.0
-137,248,-1.0
146,6,-1.0
-136,262,2.0
-169,222,2.0
-12,4,1.0
28,8,-1.0
-71,279,-1.0
-232,23,-1.0
0,0,1.0
7,16,1.0
69,162,-1.0
13,17,1.0
-180,173,2.0
93,238,-1.0
-4,175,-1.0
-16,121,1.0
-2,20,1.0
1,6,1.0
-6,31,-1.0
112,13,-1.0
-15,57,-1.0
-178,179,-1.0
-10,16,-1.0
-100,50,-1.0
2,4,1.0
-228,-4,2.0
-15,259,2.0
-235,29,-1.0
-10,267,2.0
-100,238,2.0
-36,32,1.0
-228,31,-1.0
38,6,1.0
-20,16,1.0
-132,221,2.0
6,22,-1.0
0,0,-1.0
13,265,2.0
232,0,-1.0
0,0,1.0
-76,105,1.0
77,246,-1.0
-60,169,-1.0
119,32,-1.0
-20,11,1.0
15,50,-1.0
56,253,-1.0
-23,10,1.0
16,267,-1.0
26,12,-1.0
2,21,-1.0
102,128,-1.0
-179,178,2.0
50,177,1.0
212,138,2.0
64,96,-1.0
-124,213,-1.0
-116,41,-1.0
25,-1,1.0
-1,53,-1.0
50,51,-1.0
121,37,1.0
227,117,-1.0
235,8,-1.0
0,0,1.0
27,4,1.0
23,11,-1.0
141,218,2.0
164,183,-1.0
234,31,2.0
10,252,-1.0
108,232,-1.0
-159,198,-1.0
13,-6,1.0
-147,204,-1.0
28,245,-1.0
21,10,1.0
-234,-25,2.0
-42,64,1.0
5,-4,1.0
23,111,1.0
148,132,-1.0
-66,243,2.0
-125,130,1.0
-140,1,-1.0
18,6,1.0
-103,227,2.0
113,229,2.0
-70,57,-1.0
-113,225,-1.0
-13,-2,1.0
-65,151,-1.0
70,174,-1.0
-7,0,1.0
26,257,-1.0
-17,10,1.0
1,10,-1.0
-199,185,-1.0
-37,8,-1.0
-192,188,-1.0
186,180,-1.0
-48,52,-1.0
-100,183,1.0
99,23,1.0
109,79,-1.0
-81,60,1.0
-7,-11,1.0
-213,168,-1.0
-132,231,-1.0
-54,29,1.0
227,64,2.0
-80,26,-1.0
0,0,-1.0
206,132,-1.0
-78,253,-1.0
0,0,1.0
228,29,2.0
-4,-3,-1.0
123,220,-1.0
234,39,2.0
38,50,-1.0
51,185,-1.0
-114,18,1.0
130,220,-1.0
15,12,-1.0
-4,48,-1.0
-61,537,-1.0
216,156,-1.0
188,151,-1.0
50,119,-1.0
-229,11,2.0
-10,6,-1.0
0,0,1.0
-6,19,-1.0
0,0,1.0
-227,-11,-1.0
50,136,-1.0
230,9,-1.0
-1,13,-1.0
-55,3,1.0
-100,159,1.0
0,55,1.0
-227,105,-1.0
-64,125,1.0
-142,113,-1.0
7,3,1.0
-145,116,-1.0
1,47,1.0
-11,10,1.0
44,11,-1.0
7,4,1.0
25,262,-1.0
16,247,2.0
127,213,2.0
7,4,1.0
-5,8,-1.0
-227,9,-1.0
13,4,1.0
-165,88,1.0
-77,248,-1.0
9,4,1.0
15,15,-1.0
0,0,1.0
9,14,1.0
150,224,2.0
70,84,-1.0
-7,19,-1.0
-31,88,1.0
-5,16,-1.0
16,9,1.0
5,261,2.0
-5,14,1.0
-6,6,1.0
125,222,-1.0
136,231,2.0
-17,254,-1.0
-126,227,-1.0
28,21,1.0
-178,180,-1.0
22,4,-1.0
-7,263,-1.0
194,152,2.0
-4,18,1.0
124,226,2.0
-22,8,-1.0
5,105,-1.0
53,254,-1.0
0,0,-1.0
-26,5,-1.0
-190,176,-1.0
-96,244,-1.0
-21,16,1.0
-18,256,2.0
28,4,1.0
-55,202,1.0
-6,1,1.0
-134,222,2.0
15,10,-1.0
0,0,1.0
-170,191,-1.0
-75,81,1.0
-232,11,-1.0
-51,112,1.0
-74,95,-1.0
229,-13,2.0
93,246,-1.0
91,11,-1.0
115,228,-1.0
-16,259,2.0
98,5,-1.0
233,101,-1.0
71,241,-1.0
-105,99,1.0
164,200,-1.0
158,43,-1.0
28,10,1.0
-134,231,-1.0
-229,8,-1.0
-74,258,-1.0
118,242,2.0
-233,-13,-1.0
-27,10,-1.0
0,0,1.0
-229,-15,-1.0
-85,251,-1.0
102,101,1.0
-53,240,2.0
-136,208,2.0
-5,260,2.0
-76,234,-1.0
-152,193,-1.0
127,84,-1.0
22,6,1.0
26,-2,1.0
163,192,-1.0
-69,237,-1.0
-7,-2,1.0
16,-16,1.0
31,101,-1.0
107,99,1.0
-102,230,-1.0
-178,164,2.0
-28,252,-1.0
121,62,1.0
140,203,-1.0
34,68,1.0
-118,35,1.0
18,41,-1.0
108,111,-1.0
-92,225,-1.0
67,108,-1.0
-96,110,-1.0
49,190,1.0
-100,132,-1.0
-11,20,-1.0
-12,-8,1.0
-112,230,2.0
-29,9,1.0
-110,221,-1.0
-83,-1,-1.0
-98,237,-1.0
-6,1,1.0
-125,213,2.0
-7,5,-1.0
-138,203,-1.0
-163,180,-1.0
-71,237,2.0
-147,200,-1.0
-76,239,-1.0
-12,-4,-1.0
230,66,2.0
-92,240,2.0
-36,67,1.0
-6,262,-1.0
-158,205,2.0
-232,-16,-1.0
-179,176,2.0
-228,-6,2.0
-2,9,1.0
-18,-2,1.0
5,11,1.0
142,215,-1.0
-11,3,1.0
-100,55,1.0
157,189,-1.0
15,5,-1.0
-192,148,-1.0
227,31,2.0
4,4,1.0
2,-5,1.0
-4,8,1.0
92,230,-1.0
188,182,2.0
9,215,-1.0
188,248,-1.0
11,3,1.0
127,-16,-1.0
21,206,-1.0
135,115,-1.0
-114,229,2.0
167,213,2.0
16,11,1.0
0,4,-1.0
-4,0,1.0
-49,166,-1.0
-60,240,-1.0
0,21,-1.0
-194,90,-1.0
109,172,-1.0
40,98,-1.0
109,261,-1.0
-196,161,2.0
175,211,-1.0
1,8,1.0
119,224,2.0
9,51,-1.0
-2,10,-1.0
129,218,2.0
173,184,2.0
6,64,-1.0
-228,28,2.0
4,210,-1.0
12,6,-1.0
-115,236,-1.0
110,236,-1.0
15,12,-1.0
0,0,-1.0
0,0,1.0
232,1,-1.0
229,36,-1.0
232,-22,-1.0
28,268,-1.0
233,-14,2.0
-82,75,1.0
-36,291,-1.0
-77,196,-1.0
0,0,-1.0
-10,29,-1.0
-234,-5,-1.0
-4,12,1.0
-161,204,-1.0
2,11,-1.0
123,243,2.0
-23,269,-1.0
29,18,1.0
11,2,1.0
173,188,-1.0
1,1,1.0
-2,11,1.0
38,25,-1.0
-159,195,-1.0
44,57,1.0
-10,-1,1.0
-71,38,1.0
47,67,1.0
234,-6,2.0
-11,-3,-1.0
-156,65,-1.0
153,210,-1.0
170,185,2.0
-151,204,-1.0
127,220,-1.0
119,239,-1.0
-61,265,2.0
-1,10,1.0
-6,197,1.0
229,71,2.0
4,4,1.0
-72,319,-1.0
47,131,1.0
-10,10,-1.0
-5,5,1.0
224,13,-1.0
61,101,-1.0
156,134,-1.0
-16,21,1.0
-44,131,1.0
59,146,-1.0
37,42,1.0
-232,19,-1.0
-138,89,1.0
-102,232,-1.0
5,15,-1.0
-62,22,1.0
230,52,-1.0
232,-8,2.0
-229,4,-1.0
2,253,-1.0
-123,218,2.0
-81,237,-1.0
-2,10,1.0
230,67,-1.0
22,34,-1.0
-9,34,-1.0
-12,35,-1.0
105,119,-1.0
-15,13,-1.0
-221,108,-1.0
223,19,-1.0
-4,8,-1.0
-17,15,-1.0
0,0,-1.0
-208,127,-1.0
-82,237,2.0
-16,36,-1.0
109,224,-1.0
156,195,-1.0
-12,62,-1.0
0,0,1.0
-5,5,1.0
-22,260,-1.0
12,17,1.0
-9,13,-1.0
5,10,1.0
89,135,1.0
-109,96,1.0
-54,119,-1.0
58,240,-1.0
-16,10,-1.0
-227,103,-1.0
61,62,-1.0
37,129,-1.0
2,13,1.0
-7,15,1.0
232,55,-1.0
237,8,-1.0
0,15,1.0
-4,17,-1.0
-74,63,-1.0
37,73,1.0
-1,21,1.0
206,139,-1.0
96,146,-1.0
-11,26,1.0
28,252,-1.0
1,16,1.0
37,78,1.0
25,36,-1.0
92,64,-1.0
-2,88,-1.0
-15,62,-1.0
-5,18,1.0
67,44,-1.0
10,55,-1.0
20,13,-1.0
212,132,-1.0
-176,181,-1.0
158,193,2.0
201,50,-1.0
-34,151,-1.0
-6,12,-1.0
-91,102,-1.0
0,0,1.0
-20,34,1.0
-15,37,-1.0
39,84,1.0
112,123,1.0
-158,146,-1.0
23,7,1.0
43,252,-1.0
158,194,-1.0
-123,217,-1.0
75,8,-1.0
-142,222,2.0
213,131,-1.0
0,0,-1.0
-170,180,-1.0
-56,112,1.0
-39,70,-1.0
233,-1,2.0
229,0,-1.0
119,222,-1.0
-180,148,-1.0
104,95,-1.0
-47,85,1.0
-230,-9,2.0
-39,105,-1.0
17,12,1.0
-16,17,-1.0
-2,12,-1.0
-237,67,-1.0
229,29,-1.0
-228,-4,-1.0
1,127,1.0
12,6,1.0
36,96,-1.0
-5,23,1.0
230,-4,2.0
27,254,2.0
-37,80,-1.0
0,0,-1.0
5,1,-1.0
234,101,2.0
-239,26,2.0
-172,190,-1.0
-154,200,-1.0
-6,7,1.0
-227,-5,2.0
-1,11,1.0
18,13,-1.0
-2,79,1.0
34,155,1.0
1,7,1.0
-157,88,-1.0
1,18,-1.0
-20,262,-1.0
9,7,1.0
-28,2,1.0
-4,73,-1.0
-121,336,-1.0
-50,88,1.0
-67,256,2.0
-48,69,1.0
23,2,1.0
233,31,-1.0
186,178,-1.0
-21,263,-1.0
-228,52,-1.0
17,5,1.0
15,156,-1.0
-12,-7,1.0
-33,9,-1.0
13,3,1.0
-102,-7,-1.0
18,8,1.0
-96,239,2.0
32,99,1.0
-1,11,1.0
107,9,-1.0
230,0,2.0
5,-7,-1.0
235,24,-1.0
-6,255,2.0
20,-1,-1.0
25,94,-1.0
18,4,-1.0
-97,235,-1.0
16,-2,1.0
-23,20,-1.0
-138,200,2.0
-152,208,-1.0
0,0,-1.0
104,30,-1.0
0,0,1.0
-17,-6,-1.0
-7,11,1.0
-64,84,1.0
-13,-7,1.0
-134,206,-1.0
-135,211,-1.0
27,5,1.0
-16,6,1.0
-229,-37,-1.0
-12,263,-1.0
235,22,2.0
20,8,1.0
67,98,-1.0
136,218,2.0
26,262,-1.0
0,0,-1.0
18,-1,1.0
148,502,-1.0
49,10,-1.0
0,12,1.0
100,235,-1.0
20,139,-1.0
-10,125,1.0
-199,165,-1.0
175,194,-1.0
240,18,2.0
40,257,-1.0
-181,180,2.0
-11,101,-1.0
29,251,2.0
-36,69,1.0
6,15,1.0
16,13,1.0
5,4,1.0
-18,2,1.0
18,173,1.0
9,21,1.0
124,39,1.0
-32,113,-1.0
230,-13,-1.0
-20,1,-1.0
23,21,1.0
85,253,2.0
125,2,-1.0
239,83,-1.0
0,10,1.0
13,8,-1.0
191,174,-1.0
-157,200,2.0
-153,201,-1.0
-2,4,1.0
-45,258,2.0
-13,230,-1.0
17,10,1.0
225,8,-1.0
36,34,1.0
233,28,-1.0
34,18,-1.0
229,11,2.0
-125,249,-1.0
-64,84,-1.0
151,211,2.0
-6,265,2.0
-22,107,1.0
-113,236,2.0
-5,78,1.0
-241,-27,-1.0
2,1,1.0
143,208,-1.0
-118,222,2.0
94,53,1.0
124,234,-1.0
-229,-21,-1.0
-23,16,1.0
-45,17,1.0
143,208,-1.0
234,0,-1.0
0,0,1.0
-7,-2,-1.0
-87,235,-1.0
-2,3,1.0
12,13,-1.0
-148,194,2.0
-136,205,2.0
39,8,-1.0
-11,24,-1.0
235,24,-1.0
-91,222,2.0
-151,193,-1.0
96,122,-1.0
0,0,-1.0
1,27,-1.0
34,62,-1.0
-225,-43,-1.0
36,22,-1.0
0,0,1.0
64,135,1.0
-118,0,-1.0
6,163,-1.0
159,193,-1.0
51,-8,-1.0
-234,-36,-1.0
0,0,-1.0
0,45,1.0
-23,8,-1.0
-235,-27,-1.0
0,0,1.0
234,25,-1.0
21,24,-1.0
-4,64,-1.0
-162,186,2.0
-2,121,-1.0
176,189,-1.0
-210,146,-1.0
9,13,1.0
22,36,1.0
-7,7,1.0
-67,95,-1.0
168,193,-1.0
-3,50,1.0
-1,115,-1.0
10,17,-1.0
-65,81,-1.0
-173,191,-1.0
223,80,-1.0
-59,95,-1.0
0,0,-1.0
-36,6,1.0
-9,17,1.0
89,232,-1.0
-28,160,1.0
-232,32,2.0
-234,54,2.0
75,253,2.0
-237,23,2.0
44,50,1.0
92,75,-1.0
-1,21,1.0
-233,86,-1.0
-25,281,-1.0
-59,290,-1.0
0,0,1.0
39,101,-1.0
-233,22,-1.0
0,0,-1.0
7,13,1.0
4,22,1.0
-44,68,1.0
13,18,1.0
-15,10,1.0
48,260,-1.0
9,12,-1.0
-70,243,-1.0
-51,91,-1.0
-121,259,2.0
-235,7,2.0
13,1,-1.0
32,20,-1.0
-115,214,-1.0
32,242,2.0
-9,146,-1.0
-13,117,-1.0
-4,13,1.0
230,25,2.0
-28,37,1.0
194,158,-1.0
232,-11,-1.0
113,229,-1.0
-230,77,-1.0
-28,14,-1.0
48,246,-1.0
230,9,-1.0
-72,245,-1.0
0,-2,1.0
-25,50,1.0
20,90,1.0
227,29,-1.0
-10,32,-1.0
67,79,1.0
229,17,-1.0
36,6,1.0
-4,76,-1.0
197,151,2.0
49,237,2.0
12,29,1.0
-134,209,2.0
-22,260,-1.0
-179,180,2.0
229,-18,2.0
-44,34,1.0
125,255,-1.0
43,75,1.0
75,50,-1.0
179,79,-1.0
221,126,2.0
15,5,1.0
235,6,-1.0
-223,50,-1.0
-181,-7,-1.0
-229,-20,2.0
-115,126,-1.0
-114,219,-1.0
27,90,-1.0
-173,177,-1.0
-200,-29,-1.0
-15,250,2.0
-230,-25,-1.0
148,208,-1.0
20,252,-1.0
17,57,1.0
146,11,1.0
-218,110,-1.0
0,0,-1.0
0,0,1.0
232,-2,2.0
-87,236,-1.0
-116,221,2.0
120,226,-1.0
49,174,-1.0
-7,252,-1.0
130,214,-1.0
31,14,1.0
88,236,-1.0
-17,9,1.0
77,236,-1.0
74,189,-1.0
-229,-22,2.0
-13,-2,1.0
99,235,-1.0
-6,8,-1.0
9,32,-1.0
13,101,1.0
98,227,-1.0
66,48,1.0
28,252,2.0
64,243,2.0
-93,229,-1.0
-4,8,-1.0
-191,-15,-1.0
6,97,1.0
113,235,2.0
-126,230,-1.0
-110,38,1.0
97,237,2.0
55,16,1.0
-62,155,-1.0
32,268,2.0
-230,26,-1.0
238,5,-1.0
11,115,-1.0
0,0,-1.0
229,-10,-1.0
-51,10,1.0
190,173,-1.0
230,-11,-1.0
1,17,-1.0
235,0,2.0
-141,118,-1.0
-137,225,-1.0
-5,8,1.0
-153,200,-1.0
190,14,-1.0
6,4,1.0
-75,111,-1.0
219,126,-1.0
-126,225,-1.0
-5,8,1.0
6,15,1.0
23,11,-1.0
-81,249,-1.0
48,252,2.0
190,164,-1.0
-17,7,-1.0
5,17,-1.0
0,0,1.0
58,65,-1.0
-5,5,1.0
-103,29,-1.0
-34,41,-1.0
146,6,1.0
-25,262,-1.0
0,0,-1.0
23,5,-1.0
88,247,-1.0
-15,63,1.0
-199,174,2.0
80,92,1.0
-43,26,-1.0
107,235,2.0
-29,27,-1.0
37,17,-1.0
16,29,-1.0
-200,179,-1.0
31,253,2.0
-11,62,-1.0
-43,31,-1.0
40,22,-1.0
71,142,1.0
-115,246,2.0
-28,59,-1.0
0,0,1.0
222,73,-1.0
-42,32,1.0
32,39,1.0
-6,41,1.0
-13,36,1.0
40,57,-1.0
48,59,1.0
-173,232,-1.0
218,118,2.0
-206,186,-1.0
-1,10,-1.0
-85,265,2.0
-89,81,1.0
55,120,1.0
-91,174,-1.0
23,44,-1.0
-5,69,1.0
-65,50,-1.0
118,223,2.0
-148,112,-1.0
-16,38,-1.0
0,0,1.0
-25,107,-1.0
112,226,-1.0
75,16,1.0
-33,74,1.0
-127,205,-1.0
-66,88,1.0
-148,194,-1.0
-25,14,-1.0
-233,84,2.0
241,-6,-1.0
-112,229,-1.0
-40,42,-1.0
27,19,1.0
154,132,1.0
222,151,2.0
-94,134,-1.0
-20,-2,-1.0
0,0,-1.0
-227,10,2.0
10,266,-1.0
233,29,-1.0
233,115,-1.0
-82,251,-1.0
22,42,1.0
-98,232,-1.0
-25,3,-1.0
53,27,-1.0
-23,10,1.0
-225,-10,2.0
202,222,-1.0
162,151,1.0
29,45,-1.0
197,161,2.0
-168,184,-1.0
238,0,-1.0
234,5,2.0
235,67,2.0
-223,43,2.0
143,229,-1.0
-4,55,-1.0
219,126,-1.0
203,158,-1.0
-162,241,-1.0
115,248,-1.0
64,71,1.0
23,57,-1.0
43,26,-1.0
25,24,1.0
148,218,2.0
-1,259,2.0
-5,1,1.0
-15,95,1.0
34,259,-1.0
26,34,-1.0
239,-13,2.0
-53,105,-1.0
-26,265,-1.0
18,13,1.0
15,267,2.0
31,13,-1.0
70,248,-1.0
-16,20,-1.0
-81,259,2.0
-53,89,-1.0
-15,62,-1.0
232,53,-1.0
-174,191,-1.0
6,42,-1.0
-141,127,1.0
-6,12,1.0
85,254,-1.0
15,258,-1.0
28,36,-1.0
-11,26,-1.0
-4,10,1.0
9,8,1.0
-26,27,-1.0
233,55,-1.0
233,102,-1.0
25,16,-1.0
-7,185,1.0
-51,89,1.0
22,-1,-1.0
0,0,-1.0
1,8,1.0
-237,62,-1.0
120,236,-1.0
138,227,-1.0
1,4,1.0
-18,8,1.0
2,22,1.0
158,201,-1.0
238,-4,2.0
-7,42,1.0
-136,220,-1.0
241,-8,-1.0
-229,4,-1.0
-116,153,-1.0
-159,194,2.0
2,127,-1.0
1,138,1.0
107,124,-1.0
-225,-18,2.0
10,16,-1.0
0,0,1.0
-115,222,2.0
-234,-12,-1.0
-157,197,2.0
11,-6,1.0
-229,-26,2.0
-10,14,-1.0
-21,-4,-1.0
87,240,2.0
-29,163,1.0
-9,-1,1.0
7,162,-1.0
-40,246,2.0
9,-6,1.0
16,4,1.0
76,117,1.0
33,0,1.0
229,131,-1.0
-75,9,1.0
-25,16,-1.0
-16,257,-1.0
5,256,2.0
97,79,-1.0
222,9,2.0
-6,158,1.0
23,250,-1.0
145,204,-1.0
75,253,-1.0
7,6,1.0
161,-5,-1.0
118,232,-1.0
-227,-37,2.0
-48,246,-1.0
20,68,-1.0
-12,5,-1.0
44,50,-1.0
-16,245,-1.0
-92,95,1.0
136,213,-1.0
-113,282,-1.0
-21,67,-1.0
-88,199,-1.0
32,22,1.0
-11,90,-1.0
-6,4,1.0
227,4,-1.0
22,7,-1.0
145,15,-1.0
120,241,-1.0
-183,197,-1.0
186,188,-1.0
49,28,1.0
228,53,2.0
-4,36,1.0
179,207,-1.0
-10,104,-1.0
-47,137,-1.0
163,117,-1.0
200,162,-1.0
-16,26,-1.0
0,0,1.0
54,17,-1.0
9,54,1.0
10,6,1.0
47,13,1.0
7,31,1.0
34,26,-1.0
48,13,-1.0
2,62,1.0
23,49,-1.0
-161,54,-1.0
53,272,2.0
158,218,2.0
33,15,1.0
195,34,1.0
36,11,-1.0
66,263,-1.0
26,102,-1.0
-224,149,-1.0
21,11,-1.0
-9,285,-1.0
37,11,-1.0
-22,25,-1.0
-212,26,-1.0
72,584,-1.0
-33,8,-1.0
-78,34,1.0
222,103,2.0
-120,229,2.0
-42,256,-1.0
37,13,-1.0
39,47,-1.0
15,20,1.0
165,218,-1.0
51,48,-1.0
-18,258,2.0
65,242,-1.0
125,135,1.0
1,11,1.0
-197,153,2.0
-229,101,-1.0
32,14,-1.0
-7,13,-1.0
-229,6,-1.0
-10,-2,1.0
234,30,-1.0
72,253,-1.0
93,30,-1.0
31,14,1.0
5,255,-1.0
168,216,-1.0
-7,31,-1.0
0,0,1.0
-31,52,1.0
-49,3,-1.0
-23,56,-1.0
-223,-23,-1.0
-33,5,-1.0
26,14,1.0
183,159,-1.0
-15,88,1.0
29,116,-1.0
51,89,-1.0
2,1,1.0
-178,183,-1.0
80,251,-1.0
129,216,2.0
233,3,-1.0
161,201,-1.0
-17,-4,-1.0
0,0,1.0
-13,13,1.0
-20,14,-1.0
-16,88,-1.0
15,-4,1.0
10,10,1.0
6,-12,1.0
228,114,2.0
-170,179,2.0
-1,250,-1.0
152,194,2.0
-18,243,2.0
232,61,-1.0
-154,185,2.0
-225,11,2.0
-99,137,-1.0
72,135,1.0
145,242,-1.0
83,234,2.0
1,13,1.0
-39,246,-1.0
-87,64,-1.0
65,75,1.0
2,58,1.0
45,93,-1.0
119,164,-1.0
0,0,1.0
-25,78,1.0
-70,127,-1.0
36,52,-1.0
-142,204,-1.0
-205,148,2.0
11,88,1.0
29,115,-1.0
11,-2,1.0
-2,16,1.0
18,14,-1.0
0,0,1.0
4,10,1.0
233,62,-1.0
16,131,-1.0
-230,1,-1.0
-32,258,2.0
47,175,1.0
18,2,1.0
165,195,2.0
-1,17,1.0
91,239,2.0
47,258,-1.0
142,6,1.0
-12,123,1.0
-23,15,-1.0
-56,39,-1.0
-5,34,1.0
-153,209,2.0
48,79,-1.0
53,155,-1.0
5,29,-1.0
66,176,-1.0
-140,117,1.0
-151,217,2.0
-5,12,1.0
-22,260,-1.0
-161,201,2.0
-179,181,-1.0
21,13,1.0
230,63,-1.0
75,58,1.0
-13,-6,1.0
-20,32,1.0
-100,100,-1.0
0,0,1.0
-134,222,-1.0
157,204,-1.0
5,176,-1.0
152,207,-1.0
-224,57,2.0
-6,41,1.0
92,241,-1.0
23,4,1.0
59,252,2.0
-2,42,1.0
66,27,-1.0
-6,240,2.0
163,194,-1.0
-124,211,-1.0
-33,29,-1.0
2,13,1.0
6,35,1.0
4,193,-1.0
93,237,2.0
2,251,-1.0
109,240,-1.0
229,21,2.0
-85,232,2.0
1,14,-1.0
-21,6,-1.0
120,220,-1.0
7,248,2.0
38,185,-1.0
1,247,-1.0
-39,248,-1.0
-118,224,2.0
6,8,1.0
64,141,-1.0
138,200,-1.0
0,0,1.0
-7,17,-1.0
51,245,-1.0
18,9,-1.0
-6,3,1.0
-16,25,-1.0
-38,14,-1.0
9,90,1.0
23,17,-1.0
229,22,-1.0
0,25,-1.0
-224,-29,2.0
-151,195,-1.0
7,6,1.0
13,41,1.0
217,124,2.0
214,125,-1.0
-6,14,-1.0
-201,140,2.0
25,11,1.0
-2,250,-1.0
-26,138,1.0
1,8,1.0
-169,188,-1.0
86,243,2.0
-6,10,-1.0
20,-1,1.0
-93,239,-1.0
140,221,2.0
-2,-3,1.0
-17,6,1.0
25,16,1.0
-194,172,2.0
-7,-3,1.0
-29,256,-1.0
45,259,-1.0
-237,-13,-1.0
143,211,2.0
10,13,1.0
115,223,-1.0
-151,205,-1.0
0,0,1.0
211,146,2.0
-36,263,-1.0
-45,88,-1.0
210,155,-1.0
-27,4,-1.0
-4,262,-1.0
31,12,1.0
233,-8,-1.0
-10,10,-1.0
-150,206,-1.0
234,4,2.0
234,1,-1.0
-18,10,1.0
-5,263,-1.0
12,23,1.0
13,15,1.0
20,16,1.0
-135,226,2.0
239,31,2.0
-223,29,2.0
9,32,1.0
71,62,1.0
237,52,-1.0
-2,25,1.0
6,265,-1.0
-13,57,-1.0
77,169,1.0
-224,47,-1.0
-114,243,-1.0
-54,73,1.0
1,22,1.0
-210,143,-1.0
173,205,-1.0
-64,32,-1.0
11,18,1.0
225,136,-1.0
29,20,-1.0
7,31,1.0
-147,216,2.0
18,20,-1.0
0,0,1.0
126,236,2.0
150,212,2.0
131,184,-1.0
-1,48,-1.0
-225,52,2.0
-97,184,1.0
20,8,-1.0
-183,215,2.0
36,21,-1.0
-7,21,1.0
141,238,-1.0
1,169,1.0
6,13,1.0
-51,91,-1.0
-60,265,-1.0
233,80,-1.0
168,189,-1.0
-37,22,-1.0
0,0,1.0
5,16,1.0
7,71,-1.0
88,248,-1.0
34,257,-1.0
1,3,1.0
99,235,2.0
81,242,2.0
-54,267,-1.0
9,8,1.0
17,3,1.0
13,0,1.0
20,4,1.0
119,227,-1.0
32,67,1.0
-6,26,1.0
11,4,1.0
-10,42,-1.0
181,183,-1.0
0,24,-1.0
-29,14,-1.0
18,79,-1.0
0,0,1.0
-71,52,1.0
56,72,-1.0
108,63,1.0
15,266,-1.0
-53,247,2.0
-10,46,-1.0
-248,2,-1.0
21,9,1.0
-233,-1,-1.0
-5,27,1.0
32,-1,1.0
17,-1,1.0
-82,247,-1.0
120,251,-1.0
34,17,1.0
-25,-2,1.0
-64,30,1.0
-83,10,1.0
-227,15,2.0
56,81,-1.0
-121,241,-1.0
61,34,1.0
94,37,-1.0
-96,256,-1.0
-235,116,-1.0
125,-6,1.0
-165,101,-1.0
2,28,1.0
11,21,1.0
237,50,-1.0
91,160,1.0
225,73,-1.0
233,53,-1.0
5,65,1.0
-11,74,-1.0
-238,107,-1.0
-51,172,1.0
16,209,-1.0
229,53,-1.0
229,55,-1.0
12,147,-1.0
1,5,1.0
-2,11,1.0
185,191,-1.0
47,199,1.0
147,216,2.0
26,18,-1.0
110,231,2.0
11,21,1.0
10,17,1.0
178,180,-1.0
7,104,-1.0
42,56,-1.0
25,33,1.0
1,85,-1.0
13,18,1.0
100,253,-1.0
60,74,-1.0
127,216,2.0
1,2,1.0
-69,257,2.0
28,21,-1.0
87,95,1.0
-15,-1,-1.0
-66,142,-1.0
-12,25,1.0
105,231,-1.0
-33,89,-1.0
0,0,1.0
96,226,-1.0
0,0,1.0
5,50,1.0
86,231,-1.0
-124,218,-1.0
205,141,2.0
-18,31,-1.0
-7,-4,1.0
-143,216,-1.0
13,34,-1.0
-94,241,-1.0
93,151,-1.0
39,142,1.0
-21,19,-1.0
11,1,-1.0
27,105,1.0
-71,241,2.0
-28,62,1.0
4,27,1.0
142,-10,-1.0
-170,182,-1.0
51,42,1.0
82,183,1.0
99,169,-1.0
-103,216,2.0
25,37,-1.0
0,0,1.0
25,19,1.0
-97,6,1.0
-1,43,-1.0
-2,29,1.0
-233,-6,-1.0
1,0,1.0
-18,241,-1.0
16,131,-1.0
0,0,1.0
-13,27,1.0
235,-11,2.0
17,95,1.0
-80,115,-1.0
27,-1,1.0
-18,-7,1.0
-1,45,1.0
5,-17,1.0
103,226,2.0
9,9,-1.0
75,263,-1.0
-120,-6,1.0
-103,103,-1.0
4,119,-1.0
44,32,1.0
44,116,1.0
51,210,-1.0
234,69,2.0
-97,231,-1.0
-140,208,-1.0
-118,220,-1.0
13,47,1.0
233,16,-1.0
9,256,2.0
232,13,2.0
-116,218,-1.0
-5,143,1.0
21,1,-1.0
124,1,1.0
-222,-41,2.0
28,17,-1.0
-59,129,1.0
-12,-1,1.0
54,64,1.0
62,47,-1.0
-21,0,-1.0
-28,82,-1.0
71,77,1.0
-85,253,-1.0
-9,278,-1.0
38,174,-1.0
2,34,1.0
44,138,-1.0
2,7,1.0
-4,15,1.0
-18,6,-1.0
-4,64,1.0
34,52,-1.0
-2,7,1.0
1,6,-1.0
-7,101,-1.0
5,-3,1.0
13,26,1.0
-127,227,2.0
-183,178,-1.0
-20,43,1.0
235,18,-1.0
20,33,-1.0
80,32,1.0
-197,167,2.0
5,8,1.0
5,12,1.0
-5,11,1.0
-114,100,-1.0
-20,18,-1.0
25,15,-1.0
6,7,1.0
32,27,1.0
-127,16,-1.0
-50,47,-1.0
-2,4,1.0
-132,227,2.0
-17,106,-1.0
-29,263,-1.0
28,169,-1.0
44,86,-1.0
0,0,1.0
-17,258,2.0
-26,260,-1.0
4,13,1.0
-21,80,-1.0
-203,127,-1.0
61,267,-1.0
56,63,-1.0
20,0,-1.0
-228,-31,2.0
-16,4,-1.0
-62,93,1.0
40,108,1.0
26,15,1.0
-234,-23,-1.0
228,3,-1.0
234,0,-1.0
37,197,1.0
9,245,-1.0
44,241,-1.0
20,10,-1.0
-197,158,-1.0
-11,8,1.0
29,31,-1.0
-104,125,-1.0
-142,96,-1.0
-190,180,-1.0
156,215,2.0
1,22,-1.0
45,45,1.0
-168,179,-1.0
2,24,-1.0
-2,29,-1.0
-120,145,1.0
10,9,1.0
-33,22,-1.0
104,285,2.0
148,221,-1.0
154,197,-1.0
-224,-18,2.0
-94,72,-1.0
136,209,2.0
-116,172,1.0
-43,64,-1.0
-136,-5,1.0
31,22,-1.0
-110,220,2.0
-17,252,-1.0
77,255,-1.0
32,43,1.0
-2,185,1.0
-7,16,-1.0
12,4,1.0
37,17,-1.0
22,267,2.0
-32,15,-1.0
78,246,-1.0
-9,16,-1.0
20,13,-1.0
26,8,-1.0
212,126,2.0
233,-4,-1.0
-174,189,2.0
-43,272,2.0
64,53,-1.0
-154,207,2.0
-154,207,-1.0
-229,-8,-1.0
-138,217,2.0
-161,210,-1.0
0,54,-1.0
-1,42,-1.0
0,0,1.0
0,18,1.0
26,15,-1.0
-32,85,-1.0
-2,5,1.0
86,31,-1.0
4,16,1.0
7,107,1.0
12,12,1.0
-229,12,-1.0
23,25,1.0
20,7,1.0
21,2,-1.0
-181,184,-1.0
-161,201,2.0
12,48,-1.0
-172,199,-1.0
-233,12,-1.0
44,258,-1.0
67,260,-1.0
0,0,1.0
10,172,-1.0
-230,1,2.0
227,-3,-1.0
189,169,2.0
197,-23,1.0
2,19,-1.0
127,106,-1.0
222,129,2.0
0,25,1.0
-13,17,-1.0
-10,22,-1.0
-2,19,1.0
228,120,-1.0
173,8,1.0
-2,77,-1.0
23,14,-1.0
125,218,2.0
-4,15,1.0
-89,240,2.0
-6,14,-1.0
-181,193,-1.0
93,36,-1.0
34,34,-1.0
-11,255,-1.0
143,248,2.0
-234,1,2.0
99,104,-1.0
-237,-8,-1.0
-9,22,1.0
244,106,-1.0
0,17,1.0
-38,8,-1.0
-6,10,1.0
1,41,1.0
25,104,-1.0
173,179,-1.0
-1,14,1.0
-201,163,-1.0
4,9,1.0
9,63,-1.0
1,153,-1.0
-28,74,1.0
-129,222,-1.0
92,60,-1.0
-94,109,1.0
20,252,2.0
16,0,1.0
-176,189,2.0
-1,-6,1.0
16,27,-1.0
120,227,2.0
71,253,-1.0
-13,257,2.0
-234,-10,2.0
-94,118,-1.0
-1,-3,1.0
5,12,1.0
7,13,1.0
-214,146,2.0
233,46,-1.0
-124,36,-1.0
173,362,2.0
134,106,1.0
6,7,1.0
25,13,1.0
9,80,-1.0
-131,346,2.0
-124,64,1.0
-141,233,2.0
-230,6,2.0
232,16,2.0
112,228,-1.0
1,64,-1.0
162,204,2.0
-127,228,-1.0
175,180,2.0
233,46,-1.0
6,6,1.0
170,184,-1.0
232,15,-1.0
127,220,-1.0
102,260,-1.0
10,59,1.0
-81,258,-1.0
103,101,-1.0
-13,31,1.0
-119,169,-1.0
-197,168,-1.0
-2,102,-1.0
-43,50,-1.0
-97,246,2.0
-59,111,1.0
232,7,2.0
44,168,-1.0
-9,12,1.0
21,-1,-1.0
-5,13,1.0
-2,85,-1.0
12,5,1.0
147,204,-1.0
222,113,-1.0
0,0,1.0
-230,12,-1.0
72,258,-1.0
-20,258,-1.0
-31,11,-1.0
-23,43,1.0
228,-13,-1.0
-2,86,1.0
229,-17,2.0
232,12,-1.0
50,259,2.0
-17,6,1.0
-4,6,1.0
-147,217,-1.0
223,-13,2.0
34,-8,1.0
-109,117,1.0
-77,95,-1.0
0,91,-1.0
-154,204,-1.0
0,0,-1.0
-150,207,-1.0
-152,205,-1.0
-45,26,-1.0
0,5,1.0
189,173,2.0
0,0,1.0
55,27,1.0
234,-5,2.0
9,57,-1.0
-150,193,-1.0
-28,82,1.0
-28,-7,-1.0
36,9,-1.0
-132,210,2.0
99,122,1.0
39,20,-1.0
25,110,-1.0
36,6,-1.0
89,80,1.0
38,151,1.0
4,6,1.0
-232,-34,2.0
9,82,-1.0
119,225,2.0
-188,-7,-1.0
6,5,-1.0
0,0,-1.0
74,71,-1.0
10,-1,1.0
-186,161,2.0
17,-1,-1.0
-13,-4,-1.0
0,0,1.0
44,194,1.0
-34,255,-1.0
-9,-2,1.0
235,51,-1.0
5,8,1.0
-5,6,1.0
40,46,-1.0
5,16,1.0
-103,224,-1.0
-196,47,-1.0
-121,228,-1.0
233,22,2.0
-167,193,2.0
-37,117,-1.0
228,37,2.0
17,18,-1.0
-32,47,-1.0
-49,121,-1.0
-33,50,-1.0
4,11,1.0
-229,-5,2.0
5,12,-1.0
188,174,2.0
2,58,-1.0
-27,76,-1.0
-131,226,-1.0
-180,185,2.0
-39,13,-1.0
-4,12,1.0
36,179,-1.0
0,17,-1.0
-43,258,-1.0
-43,39,-1.0
-230,17,2.0
18,116,-1.0
159,194,-1.0
-2,18,-1.0
109,231,-1.0
-48,193,1.0
1,-3,1.0
-4,31,-1.0
-120,223,-1.0
25,262,2.0
-4,105,-1.0
81,194,1.0
-74,246,-1.0
-229,46,-1.0
-5,23,1.0
2,18,-1.0
121,-4,-1.0
0,11,1.0
-36,130,-1.0
-9,134,1.0
-40,260,-1.0
15,23,-1.0
15,43,-1.0
0,0,1.0
0,65,-1.0
-1,17,1.0
6,4,1.0
-16,101,1.0
17,114,-1.0
-70,83,-1.0
54,241,-1.0
228,4,2.0
-227,22,-1.0
15,159,-1.0
-6,4,1.0
20,8,1.0
-98,95,1.0
1,3,1.0
-7,5,1.0
-96,115,-1.0
-10,6,1.0
-1,0,1.0
-7,3,1.0
6,158,-1.0
-232,42,-1.0
11,8,1.0
-10,17,-1.0
-124,216,2.0
-88,71,1.0
-11,289,-1.0
-1,6,1.0
-29,62,1.0
113,58,-1.0
20,9,1.0
17,20,1.0
21,19,-1.0
11,11,-1.0
1,110,-1.0
-224,56,-1.0
-104,72,1.0
-16,10,1.0
-1,14,-1.0
4,58,1.0
121,242,2.0
-29,195,1.0
228,40,-1.0
230,48,-1.0
37,83,-1.0
6,8,1.0
108,143,1.0
